date,country,title,importance,impact
2023-08-01T01:45:00.000Z,CNY,Caixin Manufacturing PMI,1,
2023-08-01T04:30:00.000Z,AUD,RBA Interest Rate Decision,1,
2023-08-01T14:00:00.000Z,USD,ISM Manufacturing PMI,1,
2023-08-01T14:00:00.000Z,USD,JOLTs Job Openings,1,
2023-08-02T07:00:00.000Z,CHF,Consumer Confidence,1,
2023-08-03T01:30:00.000Z,AUD,Balance of Trade,1,
2023-08-03T06:00:00.000Z,EUR,Balance of Trade,1,
2023-08-03T11:00:00.000Z,GBP,BoE Interest Rate Decision,1,
2023-08-03T14:00:00.000Z,USD,ISM Services PMI,1,
2023-08-04T12:30:00.000Z,USD,Unemployment Rate,1,
2023-08-04T12:30:00.000Z,USD,Non Farm Payrolls,1,
2023-08-04T12:30:00.000Z,CAD,Unemployment Rate,1,
2023-08-04T14:00:00.000Z,CAD,Ivey PMI s.a,1,
2023-08-08T00:30:00.000Z,AUD,Westpac Consumer Confidence Change,1,
2023-08-08T01:30:00.000Z,AUD,NAB Business Confidence,1,
2023-08-08T03:00:00.000Z,CNY,Balance of Trade,1,
2023-08-09T01:30:00.000Z,CNY,Inflation Rate YoY,1,
2023-08-10T12:30:00.000Z,USD,Core Inflation Rate MoM,1,
2023-08-10T12:30:00.000Z,USD,Inflation Rate MoM,1,
2023-08-10T12:30:00.000Z,USD,Core Inflation Rate YoY,1,
2023-08-10T12:30:00.000Z,USD,Inflation Rate YoY,1,
2023-08-11T06:00:00.000Z,GBP,GDP MoM,1,
2023-08-11T06:00:00.000Z,GBP,GDP Growth Rate YoY Prel,1,
2023-08-11T06:00:00.000Z,GBP,GDP Growth Rate QoQ Prel,1,
2023-08-11T12:30:00.000Z,USD,PPI MoM,1,
2023-08-11T14:00:00.000Z,USD,Michigan Consumer Sentiment Prel,1,
2023-08-14T23:50:00.000Z,JPY,GDP Growth Annualized Prel,1,
2023-08-14T23:50:00.000Z,JPY,GDP Growth Rate QoQ Prel,1,
2023-08-15T01:30:00.000Z,AUD,RBA Meeting Minutes,1,
2023-08-15T02:00:00.000Z,CNY,Industrial Production YoY,1,
2023-08-15T06:00:00.000Z,GBP,Unemployment Rate,1,
2023-08-15T09:00:00.000Z,EUR,ZEW Economic Sentiment Index,1,
2023-08-15T12:30:00.000Z,CAD,Inflation Rate YoY,1,
2023-08-15T12:30:00.000Z,USD,Retail Sales MoM,1,
2023-08-16T06:00:00.000Z,GBP,Inflation Rate YoY,1,
2023-08-16T12:30:00.000Z,USD,Building Permits Prel,1,
2023-08-16T18:00:00.000Z,USD,FOMC Minutes,1,
2023-08-16T23:50:00.000Z,JPY,Balance of Trade,1,
2023-08-17T23:30:00.000Z,JPY,Inflation Rate YoY,1,
2023-08-18T06:00:00.000Z,GBP,Retail Sales MoM,1,
2023-08-23T07:30:00.000Z,EUR,HCOB Manufacturing PMI Flash,1,
2023-08-24T12:30:00.000Z,USD,Durable Goods Orders MoM,1,
2023-08-25T08:00:00.000Z,EUR,Ifo Business Climate,1,
2023-08-25T14:05:00.000Z,USD,Fed Chair Powell Speech,1,
2023-08-25T19:00:00.000Z,EUR,ECB President Lagarde Speech,1,
2023-08-29T06:00:00.000Z,EUR,GfK Consumer Confidence,1,
2023-08-29T14:00:00.000Z,USD,JOLTs Job Openings,1,
2023-08-30T12:00:00.000Z,EUR,Inflation Rate YoY Prel,1,
2023-08-30T12:30:00.000Z,USD,GDP Growth Rate QoQ 2nd Est,1,
2023-08-31T01:30:00.000Z,CNY,NBS Manufacturing PMI,1,
2023-08-31T06:45:00.000Z,EUR,Inflation Rate YoY Prel,1,
2023-08-31T09:00:00.000Z,EUR,Inflation Rate YoY Prel,1,
2023-08-31T09:00:00.000Z,EUR,Inflation Rate YoY Flash,1,
2023-08-31T12:00:00.000Z,INR,GDP Growth Rate YoY,1,
2023-08-31T12:30:00.000Z,USD,Core PCE Price Index MoM,1,
2023-08-31T12:30:00.000Z,USD,Personal Income MoM,1,
2023-08-31T12:30:00.000Z,USD,Personal Spending MoM,1,
2023-09-01T01:45:00.000Z,CNY,Caixin Manufacturing PMI,1,
2023-09-01T12:30:00.000Z,USD,Non Farm Payrolls,1,
2023-09-01T12:30:00.000Z,USD,Unemployment Rate,1,
2023-09-01T12:30:00.000Z,CAD,GDP Growth Rate QoQ,1,
2023-09-01T14:00:00.000Z,USD,ISM Manufacturing PMI,1,
2023-09-04T06:00:00.000Z,EUR,Balance of Trade,1,
2023-09-05T04:30:00.000Z,AUD,RBA Interest Rate Decision,1,
2023-09-06T01:30:00.000Z,AUD,GDP Growth Rate QoQ,1,
2023-09-06T14:00:00.000Z,USD,ISM Services PMI,1,
2023-09-07T01:30:00.000Z,AUD,Balance of Trade,1,
2023-09-07T03:00:00.000Z,CNY,Balance of Trade,1,
2023-09-07T14:00:00.000Z,CAD,Ivey PMI s.a,1,
2023-09-08T12:30:00.000Z,CAD,Unemployment Rate,1,
2023-09-09T01:30:00.000Z,CNY,Inflation Rate YoY,1,
2023-09-12T00:30:00.000Z,AUD,Westpac Consumer Confidence Change,1,
2023-09-12T01:30:00.000Z,AUD,NAB Business Confidence,1,
2023-09-12T06:00:00.000Z,GBP,Unemployment Rate,1,
2023-09-12T09:00:00.000Z,EUR,ZEW Economic Sentiment Index,1,
2023-09-13T06:00:00.000Z,GBP,GDP MoM,1,
2023-09-13T12:30:00.000Z,USD,Core Inflation Rate MoM,1,
2023-09-13T12:30:00.000Z,USD,Inflation Rate MoM,1,
2023-09-13T12:30:00.000Z,USD,Inflation Rate YoY,1,
2023-09-13T12:30:00.000Z,USD,Core Inflation Rate YoY,1,
2023-09-14T12:15:00.000Z,EUR,ECB Interest Rate Decision,1,
2023-09-14T12:30:00.000Z,USD,PPI MoM,1,
2023-09-14T12:30:00.000Z,USD,Retail Sales MoM,1,
2023-09-14T12:45:00.000Z,EUR,ECB Press Conference,1,
2023-09-15T02:00:00.000Z,CNY,Retail Sales YoY,1,
2023-09-15T02:00:00.000Z,CNY,Industrial Production YoY,1,
2023-09-15T14:00:00.000Z,USD,Michigan Consumer Sentiment Prel,1,
2023-09-19T01:30:00.000Z,AUD,RBA Meeting Minutes,1,
2023-09-19T12:30:00.000Z,USD,Building Permits Prel,1,
2023-09-19T12:30:00.000Z,CAD,Inflation Rate YoY,1,
2023-09-19T23:50:00.000Z,JPY,Balance of Trade,1,
2023-09-20T06:00:00.000Z,GBP,Inflation Rate YoY,1,
2023-09-20T18:00:00.000Z,USD,Fed Interest Rate Decision,1,
2023-09-20T18:30:00.000Z,USD,Fed Press Conference,1,
2023-09-21T11:00:00.000Z,GBP,BoE Interest Rate Decision,1,
2023-09-21T23:30:00.000Z,JPY,Inflation Rate YoY,1,
2023-09-22T03:00:00.000Z,JPY,BoJ Interest Rate Decision,1,
2023-09-22T06:00:00.000Z,GBP,Retail Sales MoM,1,
2023-09-22T07:30:00.000Z,EUR,HCOB Manufacturing PMI Flash,1,
2023-09-25T08:00:00.000Z,EUR,Ifo Business Climate,1,
2023-09-27T06:00:00.000Z,EUR,GfK Consumer Confidence,1,
2023-09-27T12:30:00.000Z,USD,Durable Goods Orders MoM,1,
2023-09-28T12:00:00.000Z,EUR,Inflation Rate YoY Prel,1,
2023-09-28T12:30:00.000Z,USD,GDP Growth Rate QoQ Final,1,
2023-09-29T06:45:00.000Z,EUR,Inflation Rate YoY Prel,1,
2023-09-29T09:00:00.000Z,EUR,Inflation Rate YoY Prel,1,
2023-09-29T09:00:00.000Z,EUR,Inflation Rate YoY Flash,1,
2023-09-29T12:30:00.000Z,USD,Core PCE Price Index MoM,1,
2023-09-29T12:30:00.000Z,USD,Personal Spending MoM,1,
2023-09-29T12:30:00.000Z,USD,Personal Income MoM,1,
2023-09-30T01:30:00.000Z,CNY,NBS Manufacturing PMI,1,
2023-10-01T01:45:00.000Z,CNY,Caixin Manufacturing PMI,1,
2023-10-01T23:50:00.000Z,JPY,Tankan Large Manufacturers Index,1,
2023-10-02T14:00:00.000Z,USD,ISM Manufacturing PMI,1,
2023-10-03T03:30:00.000Z,AUD,RBA Interest Rate Decision,1,
2023-10-03T14:00:00.000Z,USD,JOLTs Job Openings,1,
2023-10-04T14:00:00.000Z,USD,ISM Services PMI,1,
2023-10-05T00:30:00.000Z,AUD,Balance of Trade,1,
2023-10-05T06:00:00.000Z,EUR,Balance of Trade,1,
2023-10-05T14:00:00.000Z,CAD,Ivey PMI s.a,1,
2023-10-06T12:30:00.000Z,USD,Unemployment Rate,1,
2023-10-06T12:30:00.000Z,USD,Non Farm Payrolls,1,
2023-10-06T12:30:00.000Z,CAD,Unemployment Rate,1,
2023-10-09T23:30:00.000Z,AUD,Westpac Consumer Confidence Change,1,
2023-10-10T00:30:00.000Z,AUD,NAB Business Confidence,1,
2023-10-11T12:30:00.000Z,USD,PPI MoM,1,
2023-10-11T18:00:00.000Z,USD,FOMC Minutes,1,
2023-10-12T06:00:00.000Z,GBP,GDP MoM,1,
2023-10-12T12:30:00.000Z,USD,Core Inflation Rate MoM,1,
2023-10-12T12:30:00.000Z,USD,Inflation Rate MoM,1,
2023-10-12T12:30:00.000Z,USD,Core Inflation Rate YoY,1,
2023-10-12T12:30:00.000Z,USD,Inflation Rate YoY,1,
2023-10-13T01:30:00.000Z,CNY,Inflation Rate YoY,1,
2023-10-13T03:00:00.000Z,CNY,Balance of Trade,1,
2023-10-13T14:00:00.000Z,USD,Michigan Consumer Sentiment Prel,1,
2023-10-17T00:30:00.000Z,AUD,RBA Meeting Minutes,1,
2023-10-17T09:00:00.000Z,EUR,ZEW Economic Sentiment Index,1,
2023-10-17T12:30:00.000Z,USD,Retail Sales MoM,1,
2023-10-17T12:30:00.000Z,CAD,Inflation Rate YoY,1,
2023-10-18T02:00:00.000Z,CNY,Industrial Production YoY,1,
2023-10-18T02:00:00.000Z,CNY,Retail Sales YoY,1,
2023-10-18T02:00:00.000Z,CNY,GDP Growth Rate YoY,1,
2023-10-18T06:00:00.000Z,GBP,Inflation Rate YoY,1,
2023-10-18T12:30:00.000Z,USD,Building Permits Prel,1,
2023-10-18T23:50:00.000Z,JPY,Balance of Trade,1,
2023-10-19T16:00:00.000Z,USD,Fed Chair Powell Speech,1,
2023-10-19T23:30:00.000Z,JPY,Inflation Rate YoY,1,
2023-10-20T06:00:00.000Z,GBP,Retail Sales MoM,1,
2023-10-24T06:00:00.000Z,EUR,GfK Consumer Confidence,1,
2023-10-24T06:00:00.000Z,GBP,Unemployment Rate - Adjusted,1,
2023-10-24T07:30:00.000Z,EUR,HCOB Manufacturing PMI Flash,1,
2023-10-25T00:30:00.000Z,AUD,Inflation Rate YoY,1,
2023-10-25T08:00:00.000Z,EUR,Ifo Business Climate,1,
2023-10-25T14:00:00.000Z,CAD,BoC Monetary Policy Report,1,
2023-10-25T20:35:00.000Z,USD,Fed Chair Powell Speech,1,
2023-10-26T12:15:00.000Z,EUR,ECB Interest Rate Decision,1,
2023-10-26T12:30:00.000Z,USD,Durable Goods Orders MoM,1,
2023-10-26T12:30:00.000Z,USD,GDP Growth Rate QoQ Adv,1,
2023-10-26T12:45:00.000Z,EUR,ECB Press Conference,1,
2023-10-27T12:30:00.000Z,USD,Core PCE Price Index MoM,1,
2023-10-27T12:30:00.000Z,USD,Personal Income MoM,1,
2023-10-27T12:30:00.000Z,USD,Personal Spending MoM,1,
2023-10-30T09:00:00.000Z,EUR,GDP Growth Rate QoQ Flash,1,
2023-10-30T09:00:00.000Z,EUR,GDP Growth Rate YoY Flash,1,
2023-10-30T13:00:00.000Z,EUR,Inflation Rate YoY Prel,1,
2023-10-31T01:30:00.000Z,CNY,NBS Manufacturing PMI,1,
2023-10-31T03:00:00.000Z,JPY,BoJ Interest Rate Decision,1,
2023-10-31T06:30:00.000Z,EUR,GDP Growth Rate YoY Prel,1,
2023-10-31T06:30:00.000Z,EUR,GDP Growth Rate QoQ Prel,1,
2023-10-31T07:45:00.000Z,EUR,Inflation Rate YoY Prel,1,
2023-10-31T09:00:00.000Z,EUR,GDP Growth Rate QoQ Adv,1,
2023-10-31T09:00:00.000Z,EUR,GDP Growth Rate YoY Adv,1,
2023-10-31T10:00:00.000Z,EUR,Inflation Rate YoY Prel,1,
2023-10-31T10:00:00.000Z,EUR,Inflation Rate YoY Flash,1,
2023-10-31T10:00:00.000Z,EUR,GDP Growth Rate YoY Flash,1,
2023-10-31T10:00:00.000Z,EUR,GDP Growth Rate QoQ Flash,1,
2023-11-01T01:45:00.000Z,CNY,Caixin Manufacturing PMI,1,
2023-11-01T14:00:00.000Z,USD,ISM Manufacturing PMI,1,
2023-11-01T14:00:00.000Z,USD,JOLTs Job Openings,1,
2023-11-01T18:00:00.000Z,USD,Fed Interest Rate Decision,1,
2023-11-01T18:30:00.000Z,USD,Fed Press Conference,1,
2023-11-02T00:30:00.000Z,AUD,Balance of Trade,1,
2023-11-02T08:00:00.000Z,CHF,Consumer Confidence,1,
2023-11-02T12:00:00.000Z,GBP,BoE Interest Rate Decision,1,
2023-11-03T07:00:00.000Z,EUR,Balance of Trade,1,
2023-11-03T12:30:00.000Z,USD,Non Farm Payrolls,1,
2023-11-03T12:30:00.000Z,USD,Unemployment Rate,1,
2023-11-03T12:30:00.000Z,CAD,Unemployment Rate,1,
2023-11-03T14:00:00.000Z,USD,ISM Services PMI,1,
2023-11-06T15:00:00.000Z,CAD,Ivey PMI s.a,1,
2023-11-07T03:00:00.000Z,CNY,Balance of Trade,1,
2023-11-07T03:30:00.000Z,AUD,RBA Interest Rate Decision,1,
2023-11-08T14:15:00.000Z,USD,Fed Chair Powell Speech,1,
2023-11-09T01:30:00.000Z,CNY,Inflation Rate YoY,1,
2023-11-09T19:00:00.000Z,USD,Fed Chair Powell Speech,1,
2023-11-10T07:00:00.000Z,GBP,GDP MoM,1,
2023-11-10T07:00:00.000Z,GBP,GDP Growth Rate YoY Prel,1,
2023-11-10T07:00:00.000Z,GBP,GDP Growth Rate QoQ Prel,1,
2023-11-10T12:30:00.000Z,EUR,ECB President Lagarde Speech,1,
2023-11-10T15:00:00.000Z,USD,Michigan Consumer Sentiment Prel,1,
2023-11-13T23:30:00.000Z,AUD,Westpac Consumer Confidence Change,1,
2023-11-14T00:30:00.000Z,AUD,NAB Business Confidence,1,
2023-11-14T07:00:00.000Z,GBP,Unemployment Rate,1,
2023-11-14T10:00:00.000Z,EUR,ZEW Economic Sentiment Index,1,
2023-11-14T13:30:00.000Z,USD,Inflation Rate MoM,1,
2023-11-14T13:30:00.000Z,USD,Core Inflation Rate MoM,1,
2023-11-14T13:30:00.000Z,USD,Inflation Rate YoY,1,
2023-11-14T13:30:00.000Z,USD,Core Inflation Rate YoY,1,
2023-11-14T23:50:00.000Z,JPY,GDP Growth Annualized Prel,1,
2023-11-14T23:50:00.000Z,JPY,GDP Growth Rate QoQ Prel,1,
2023-11-15T02:00:00.000Z,CNY,Retail Sales YoY,1,
2023-11-15T02:00:00.000Z,CNY,Industrial Production YoY,1,
2023-11-15T07:00:00.000Z,GBP,Inflation Rate YoY,1,
2023-11-15T13:30:00.000Z,USD,PPI MoM,1,
2023-11-15T13:30:00.000Z,USD,Retail Sales MoM,1,
2023-11-15T23:50:00.000Z,JPY,Balance of Trade,1,
2023-11-17T07:00:00.000Z,GBP,Retail Sales MoM,1,
2023-11-17T13:30:00.000Z,USD,Building Permits Prel,1,
2023-11-21T00:30:00.000Z,AUD,RBA Meeting Minutes,1,
2023-11-21T13:30:00.000Z,CAD,Inflation Rate YoY,1,
2023-11-21T19:00:00.000Z,USD,FOMC Minutes,1,
2023-11-22T12:30:00.000Z,GBP,Autumn Statement,1,
2023-11-22T13:30:00.000Z,USD,Durable Goods Orders MoM,1,
2023-11-23T08:30:00.000Z,EUR,HCOB Manufacturing PMI Flash,1,
2023-11-23T23:30:00.000Z,JPY,Inflation Rate YoY,1,
2023-11-24T09:00:00.000Z,EUR,Ifo Business Climate,1,
2023-11-28T07:00:00.000Z,EUR,GfK Consumer Confidence,1,
2023-11-29T13:00:00.000Z,EUR,Inflation Rate YoY Prel,1,
2023-11-29T13:30:00.000Z,USD,GDP Growth Rate QoQ 2nd Est,1,
2023-11-30T01:30:00.000Z,CNY,NBS Manufacturing PMI,1,
2023-11-30T07:45:00.000Z,EUR,Inflation Rate YoY Prel,1,
2023-11-30T10:00:00.000Z,EUR,Inflation Rate YoY Flash,1,
2023-11-30T10:00:00.000Z,EUR,Inflation Rate YoY Prel,1,
2023-11-30T12:00:00.000Z,INR,GDP Growth Rate YoY,1,
2023-11-30T13:30:00.000Z,CAD,GDP Growth Rate QoQ,1,
2023-11-30T13:30:00.000Z,USD,Core PCE Price Index MoM,1,
2023-11-30T13:30:00.000Z,USD,Personal Spending MoM,1,
2023-11-30T13:30:00.000Z,USD,Personal Income MoM,1,
2023-12-01T01:45:00.000Z,CNY,Caixin Manufacturing PMI,1,
2023-12-01T13:30:00.000Z,CAD,Unemployment Rate,1,
2023-12-01T15:00:00.000Z,USD,ISM Manufacturing PMI,1,
2023-12-01T16:00:00.000Z,USD,Fed Chair Powell Speech,1,
2023-12-04T07:00:00.000Z,EUR,Balance of Trade,1,
2023-12-05T03:30:00.000Z,AUD,RBA Interest Rate Decision,1,
2023-12-05T15:00:00.000Z,USD,JOLTs Job Openings,1,
2023-12-05T15:00:00.000Z,USD,ISM Services PMI,1,
2023-12-06T00:30:00.000Z,AUD,GDP Growth Rate QoQ,1,
2023-12-06T15:00:00.000Z,CAD,Ivey PMI s.a,1,
2023-12-07T00:30:00.000Z,AUD,Balance of Trade,1,
2023-12-07T03:00:00.000Z,CNY,Balance of Trade,1,
2023-12-08T13:30:00.000Z,USD,Unemployment Rate,1,
2023-12-08T13:30:00.000Z,USD,Non Farm Payrolls,1,
2023-12-08T15:00:00.000Z,USD,Michigan Consumer Sentiment Prel,1,
2023-12-09T01:30:00.000Z,CNY,Inflation Rate YoY,1,
2023-12-11T23:30:00.000Z,AUD,Westpac Consumer Confidence Change,1,
2023-12-12T00:30:00.000Z,AUD,NAB Business Confidence,1,
2023-12-12T07:00:00.000Z,GBP,Unemployment Rate,1,
2023-12-12T10:00:00.000Z,EUR,ZEW Economic Sentiment Index,1,
2023-12-12T13:30:00.000Z,USD,Inflation Rate MoM,1,
2023-12-12T13:30:00.000Z,USD,Core Inflation Rate MoM,1,
2023-12-12T13:30:00.000Z,USD,Core Inflation Rate YoY,1,
2023-12-12T13:30:00.000Z,USD,Inflation Rate YoY,1,
2023-12-12T23:50:00.000Z,JPY,Tankan Large Manufacturers Index,1,
2023-12-13T07:00:00.000Z,GBP,GDP MoM,1,
2023-12-13T13:30:00.000Z,USD,PPI MoM,1,
2023-12-13T19:00:00.000Z,USD,Fed Interest Rate Decision,1,
2023-12-13T19:00:00.000Z,USD,FOMC Economic Projections,1,
2023-12-13T19:30:00.000Z,USD,Fed Press Conference,1,
2023-12-14T12:00:00.000Z,GBP,BoE Interest Rate Decision,1,
2023-12-14T13:15:00.000Z,EUR,ECB Interest Rate Decision,1,
2023-12-14T13:30:00.000Z,USD,Retail Sales MoM,1,
2023-12-14T13:45:00.000Z,EUR,ECB Press Conference,1,
2023-12-15T02:00:00.000Z,CNY,Industrial Production YoY,1,
2023-12-15T02:00:00.000Z,CNY,Retail Sales YoY,1,
2023-12-15T08:30:00.000Z,EUR,HCOB Manufacturing PMI Flash,1,
2023-12-18T09:00:00.000Z,EUR,Ifo Business Climate,1,
2023-12-19T00:30:00.000Z,AUD,RBA Meeting Minutes,1,
2023-12-19T03:00:00.000Z,JPY,BoJ Interest Rate Decision,1,
2023-12-19T13:30:00.000Z,USD,Building Permits Prel,1,
2023-12-19T13:30:00.000Z,CAD,Inflation Rate YoY,1,
2023-12-19T23:50:00.000Z,JPY,Balance of Trade,1,
2023-12-20T07:00:00.000Z,GBP,Inflation Rate YoY,1,
2023-12-20T07:00:00.000Z,EUR,GfK Consumer Confidence,1,
2023-12-21T13:30:00.000Z,USD,GDP Growth Rate QoQ Final,1,
2023-12-21T23:30:00.000Z,JPY,Inflation Rate YoY,1,
2023-12-22T07:00:00.000Z,GBP,Retail Sales MoM,1,
2023-12-22T13:30:00.000Z,USD,Core PCE Price Index MoM,1,
2023-12-22T13:30:00.000Z,USD,Personal Income MoM,1,
2023-12-22T13:30:00.000Z,USD,Personal Spending MoM,1,
2023-12-22T13:30:00.000Z,USD,Durable Goods Orders MoM,1,
2023-12-31T01:30:00.000Z,CNY,NBS Manufacturing PMI,1,
2024-01-02T01:45:00.000Z,CNY,Caixin Manufacturing PMI,1,
2024-01-03T15:00:00.000Z,USD,ISM Manufacturing PMI,1,
2024-01-03T15:00:00.000Z,USD,JOLTs Job Openings,1,
2024-01-03T19:00:00.000Z,USD,FOMC Minutes,1,
2024-01-04T07:45:00.000Z,EUR,Inflation Rate YoY Prel,1,
2024-01-04T13:00:00.000Z,EUR,Inflation Rate YoY Prel,1,
2024-01-05T05:00:00.000Z,JPY,Consumer Confidence,1,
2024-01-05T10:00:00.000Z,EUR,Inflation Rate YoY Flash,1,
2024-01-05T10:00:00.000Z,EUR,Inflation Rate YoY Prel,1,
2024-01-05T13:30:00.000Z,CAD,Unemployment Rate,1,
2024-01-05T13:30:00.000Z,USD,Non Farm Payrolls,1,
2024-01-05T15:00:00.000Z,CAD,Ivey PMI s.a,1,
2024-01-05T15:00:00.000Z,USD,ISM Services PMI,1,
2024-01-08T07:00:00.000Z,EUR,Balance of Trade,1,
2024-01-09T13:30:00.000Z,CAD,Balance of Trade,1,
2024-01-11T00:30:00.000Z,AUD,Balance of Trade,1,
2024-01-11T13:30:00.000Z,USD,Inflation Rate MoM,1,
2024-01-11T13:30:00.000Z,USD,Core Inflation Rate MoM,1,
2024-01-11T13:30:00.000Z,USD,Inflation Rate YoY,1,
2024-01-11T13:30:00.000Z,USD,Core Inflation Rate YoY,1,
2024-01-12T01:30:00.000Z,CNY,Inflation Rate YoY,1,
2024-01-12T03:00:00.000Z,CNY,Balance of Trade,1,
2024-01-12T07:00:00.000Z,GBP,GDP MoM,1,
2024-01-12T13:30:00.000Z,USD,PPI MoM,1,
2024-01-15T09:00:00.000Z,EUR,Full Year GDP Growth,1,
2024-01-15T23:30:00.000Z,AUD,Westpac Consumer Confidence Change,1,
2024-01-16T07:00:00.000Z,GBP,Unemployment Rate,1,
2024-01-16T10:00:00.000Z,EUR,ZEW Economic Sentiment Index,1,
2024-01-16T13:30:00.000Z,CAD,Inflation Rate YoY,1,
2024-01-17T02:00:00.000Z,CNY,Industrial Production YoY,1,
2024-01-17T02:00:00.000Z,CNY,GDP Growth Rate YoY,1,
2024-01-17T07:00:00.000Z,GBP,Inflation Rate YoY,1,
2024-01-17T13:30:00.000Z,USD,Retail Sales MoM,1,
2024-01-18T13:30:00.000Z,USD,Building Permits Prel,1,
2024-01-18T23:30:00.000Z,JPY,Inflation Rate YoY,1,
2024-01-19T07:00:00.000Z,GBP,Retail Sales MoM,1,
2024-01-19T15:00:00.000Z,USD,Michigan Consumer Sentiment Prel,1,
2024-01-23T00:30:00.000Z,AUD,NAB Business Confidence,1,
2024-01-23T03:00:00.000Z,JPY,BoJ Interest Rate Decision,1,
2024-01-23T23:50:00.000Z,JPY,Balance of Trade,1,
2024-01-24T08:30:00.000Z,EUR,HCOB Manufacturing PMI Flash,1,
2024-01-24T14:45:00.000Z,CAD,BoC Interest Rate Decision,1,
2024-01-24T14:45:00.000Z,CAD,BoC Monetary Policy Report,1,
2024-01-25T09:00:00.000Z,EUR,Ifo Business Climate,1,
2024-01-25T13:15:00.000Z,EUR,ECB Interest Rate Decision,1,
2024-01-25T13:15:00.000Z,EUR,Deposit Facility Rate,1,
2024-01-25T13:30:00.000Z,USD,Durable Goods Orders MoM,1,
2024-01-25T13:30:00.000Z,USD,GDP Growth Rate QoQ Adv,1,
2024-01-25T13:45:00.000Z,EUR,ECB Press Conference,1,
2024-01-26T07:00:00.000Z,EUR,GfK Consumer Confidence,1,
2024-01-26T13:30:00.000Z,USD,Core PCE Price Index MoM,1,
2024-01-26T13:30:00.000Z,USD,Personal Income MoM,1,
2024-01-26T13:30:00.000Z,USD,Personal Spending MoM,1,
2024-01-30T06:30:00.000Z,EUR,GDP Growth Rate YoY Prel,1,
2024-01-30T06:30:00.000Z,EUR,GDP Growth Rate QoQ Prel,1,
2024-01-30T09:00:00.000Z,EUR,GDP Growth Rate QoQ Flash,1,
2024-01-30T09:00:00.000Z,EUR,GDP Growth Rate YoY Flash,1,
2024-01-30T09:00:00.000Z,EUR,GDP Growth Rate QoQ Adv,1,
2024-01-30T09:00:00.000Z,EUR,GDP Growth Rate YoY Adv,1,
2024-01-30T10:00:00.000Z,EUR,GDP Growth Rate QoQ Flash,1,
2024-01-30T10:00:00.000Z,EUR,GDP Growth Rate YoY Flash,1,
2024-01-30T15:00:00.000Z,USD,JOLTs Job Openings,1,
2024-01-31T00:30:00.000Z,AUD,Inflation Rate YoY,1,
2024-01-31T01:30:00.000Z,CNY,NBS Manufacturing PMI,1,
2024-01-31T05:00:00.000Z,JPY,Consumer Confidence,1,
2024-01-31T07:45:00.000Z,EUR,Inflation Rate YoY Prel,1,
2024-01-31T13:00:00.000Z,EUR,Inflation Rate YoY Prel,1,
2024-01-31T19:00:00.000Z,USD,Fed Interest Rate Decision,1,
2024-01-31T19:30:00.000Z,USD,Fed Press Conference,1,
2024-02-01T01:45:00.000Z,CNY,Caixin Manufacturing PMI,1,
2024-02-01T10:00:00.000Z,EUR,Inflation Rate YoY Flash,1,
2024-02-01T10:00:00.000Z,EUR,Inflation Rate YoY Prel,1,
2024-02-01T12:00:00.000Z,GBP,BoE Interest Rate Decision,1,
2024-02-01T15:00:00.000Z,USD,ISM Manufacturing PMI,1,
2024-02-02T13:30:00.000Z,USD,Unemployment Rate,1,
2024-02-02T13:30:00.000Z,USD,Non Farm Payrolls,1,
2024-02-05T00:30:00.000Z,AUD,Balance of Trade,1,
2024-02-05T07:00:00.000Z,EUR,Balance of Trade,1,
2024-02-05T15:00:00.000Z,USD,ISM Services PMI,1,
2024-02-06T03:30:00.000Z,AUD,RBA Interest Rate Decision,1,
2024-02-06T15:00:00.000Z,CAD,Ivey PMI s.a,1,
2024-02-07T13:30:00.000Z,CAD,Balance of Trade,1,
2024-02-08T01:30:00.000Z,CNY,Inflation Rate YoY,1,
2024-02-09T13:30:00.000Z,CAD,Unemployment Rate,1,
2024-02-12T23:30:00.000Z,AUD,Westpac Consumer Confidence Change,1,
2024-02-13T00:30:00.000Z,AUD,NAB Business Confidence,1,
2024-02-13T07:00:00.000Z,GBP,Unemployment Rate,1,
2024-02-13T10:00:00.000Z,EUR,ZEW Economic Sentiment Index,1,
2024-02-13T13:30:00.000Z,USD,Core Inflation Rate MoM,1,
2024-02-13T13:30:00.000Z,USD,Inflation Rate MoM,1,
2024-02-13T13:30:00.000Z,USD,Inflation Rate YoY,1,
2024-02-13T13:30:00.000Z,USD,Core Inflation Rate YoY,1,
2024-02-14T07:00:00.000Z,GBP,Inflation Rate YoY,1,
2024-02-14T23:50:00.000Z,JPY,GDP Growth Rate QoQ Prel,1,
2024-02-15T07:00:00.000Z,GBP,GDP Growth Rate QoQ Prel,1,
2024-02-15T07:00:00.000Z,GBP,GDP Growth Rate YoY Prel,1,
2024-02-15T07:00:00.000Z,GBP,GDP MoM,1,
2024-02-15T13:30:00.000Z,USD,Retail Sales MoM,1,
2024-02-16T07:00:00.000Z,GBP,Retail Sales MoM,1,
2024-02-16T13:30:00.000Z,USD,PPI MoM,1,
2024-02-16T13:30:00.000Z,USD,Building Permits Prel,1,
2024-02-16T15:00:00.000Z,USD,Michigan Consumer Sentiment Prel,1,
2024-02-20T00:30:00.000Z,AUD,RBA Meeting Minutes,1,
2024-02-20T13:30:00.000Z,CAD,Inflation Rate YoY,1,
2024-02-20T23:50:00.000Z,JPY,Balance of Trade,1,
2024-02-21T19:00:00.000Z,USD,FOMC Minutes,1,
2024-02-22T08:30:00.000Z,EUR,HCOB Manufacturing PMI Flash,1,
2024-02-23T09:00:00.000Z,EUR,Ifo Business Climate,1,
2024-02-26T23:30:00.000Z,JPY,Inflation Rate YoY,1,
2024-02-27T07:00:00.000Z,EUR,GfK Consumer Confidence,1,
2024-02-27T13:30:00.000Z,USD,Durable Goods Orders MoM,1,
2024-02-28T13:30:00.000Z,USD,GDP Growth Rate QoQ 2nd Est,1,
2024-02-29T07:45:00.000Z,EUR,Inflation Rate YoY Prel,1,
2024-02-29T12:00:00.000Z,INR,GDP Growth Rate YoY,1,
2024-02-29T13:00:00.000Z,EUR,Inflation Rate YoY Prel,1,
2024-02-29T13:30:00.000Z,CAD,GDP Growth Rate QoQ,1,
2024-02-29T13:30:00.000Z,CAD,GDP Growth Rate Annualized,1,
2024-02-29T13:30:00.000Z,USD,Personal Income MoM,1,
2024-02-29T13:30:00.000Z,USD,Personal Spending MoM,1,
2024-02-29T13:30:00.000Z,USD,Core PCE Price Index MoM,1,
2024-03-01T01:30:00.000Z,CNY,NBS Manufacturing PMI,1,
2024-03-01T01:45:00.000Z,CNY,Caixin Manufacturing PMI,1,
2024-03-01T05:00:00.000Z,JPY,Consumer Confidence,1,
2024-03-01T10:00:00.000Z,EUR,Inflation Rate YoY Flash,1,
2024-03-01T10:00:00.000Z,EUR,Inflation Rate YoY Prel,1,
2024-03-01T11:00:00.000Z,EUR,Full Year GDP Growth,1,
2024-03-01T11:00:00.000Z,EUR,Government Budget,1,
2024-03-01T15:00:00.000Z,USD,ISM Manufacturing PMI,1,
2024-03-05T15:00:00.000Z,USD,ISM Services PMI,1,
2024-03-06T00:30:00.000Z,AUD,GDP Growth Rate QoQ,1,
2024-03-06T07:00:00.000Z,EUR,Balance of Trade,1,
2024-03-06T14:45:00.000Z,CAD,BoC Interest Rate Decision,1,
2024-03-06T15:00:00.000Z,CAD,Ivey PMI s.a,1,
2024-03-06T15:00:00.000Z,USD,JOLTs Job Openings,1,
2024-03-06T15:00:00.000Z,USD,Fed Chair Powell Testimony,1,
2024-03-07T00:30:00.000Z,AUD,Balance of Trade,1,
2024-03-07T03:00:00.000Z,CNY,Balance of Trade,1,
2024-03-07T13:15:00.000Z,EUR,Deposit Facility Rate,1,
2024-03-07T13:15:00.000Z,EUR,ECB Interest Rate Decision,1,
2024-03-07T13:30:00.000Z,CAD,Balance of Trade,1,
2024-03-07T13:45:00.000Z,EUR,ECB Press Conference,1,
2024-03-07T15:00:00.000Z,USD,Fed Chair Powell Testimony,1,
2024-03-08T13:30:00.000Z,CAD,Unemployment Rate,1,
2024-03-08T13:30:00.000Z,USD,Non Farm Payrolls,1,
2024-03-08T13:30:00.000Z,USD,Unemployment Rate,1,
2024-03-09T01:30:00.000Z,CNY,Inflation Rate YoY,1,
2024-03-12T00:30:00.000Z,AUD,NAB Business Confidence,1,
2024-03-12T07:00:00.000Z,GBP,Unemployment Rate,1,
2024-03-12T12:30:00.000Z,USD,Inflation Rate MoM,1,
2024-03-12T12:30:00.000Z,USD,Core Inflation Rate MoM,1,
2024-03-12T12:30:00.000Z,USD,Core Inflation Rate YoY,1,
2024-03-12T12:30:00.000Z,USD,Inflation Rate YoY,1,
2024-03-13T07:00:00.000Z,GBP,GDP MoM,1,
2024-03-14T12:30:00.000Z,USD,PPI MoM,1,
2024-03-14T12:30:00.000Z,USD,Retail Sales MoM,1,
2024-03-15T14:00:00.000Z,USD,Michigan Consumer Sentiment Prel,1,
2024-03-18T02:00:00.000Z,CNY,Retail Sales YoY,1,
2024-03-18T02:00:00.000Z,CNY,Industrial Production YoY,1,
2024-03-19T03:00:00.000Z,JPY,BoJ Interest Rate Decision,1,
2024-03-19T03:30:00.000Z,AUD,RBA Interest Rate Decision,1,
2024-03-19T10:00:00.000Z,EUR,ZEW Economic Sentiment Index,1,
2024-03-19T12:30:00.000Z,CAD,Inflation Rate YoY,1,
2024-03-19T12:30:00.000Z,USD,Building Permits Prel,1,
2024-03-20T07:00:00.000Z,GBP,Inflation Rate YoY,1,
2024-03-20T18:00:00.000Z,USD,Fed Interest Rate Decision,1,
2024-03-20T18:00:00.000Z,USD,FOMC Economic Projections,1,
2024-03-20T18:30:00.000Z,USD,Fed Press Conference,1,
2024-03-20T23:50:00.000Z,JPY,Balance of Trade,1,
2024-03-21T08:30:00.000Z,EUR,HCOB Manufacturing PMI Flash,1,
2024-03-21T12:00:00.000Z,GBP,BoE Interest Rate Decision,1,
2024-03-21T23:30:00.000Z,JPY,Inflation Rate YoY,1,
2024-03-22T07:00:00.000Z,GBP,Retail Sales MoM,1,
2024-03-22T09:00:00.000Z,EUR,Ifo Business Climate,1,
2024-03-25T23:30:00.000Z,AUD,Westpac Consumer Confidence Change,1,
2024-03-26T07:00:00.000Z,EUR,GfK Consumer Confidence,1,
2024-03-26T12:30:00.000Z,USD,Durable Goods Orders MoM,1,
2024-03-28T12:30:00.000Z,USD,GDP Growth Rate QoQ Final,1,
2024-03-29T07:45:00.000Z,EUR,Inflation Rate YoY Prel,1,
2024-03-29T10:00:00.000Z,EUR,Inflation Rate YoY Prel,1,
2024-03-29T12:30:00.000Z,USD,Personal Income MoM,1,
2024-03-29T12:30:00.000Z,USD,Personal Spending MoM,1,
2024-03-29T12:30:00.000Z,USD,Core PCE Price Index MoM,1,
2024-03-29T15:30:00.000Z,USD,Fed Chair Powell Speech,1,
2024-03-31T01:30:00.000Z,CNY,NBS Manufacturing PMI,1,
2024-03-31T23:50:00.000Z,JPY,Tankan Large Manufacturers Index,1,
2024-04-01T01:45:00.000Z,CNY,Caixin Manufacturing PMI,1,
2024-04-01T14:00:00.000Z,USD,ISM Manufacturing PMI,1,
2024-04-02T00:30:00.000Z,AUD,RBA Meeting Minutes,1,
2024-04-02T12:00:00.000Z,EUR,Inflation Rate YoY Prel,1,
2024-04-02T14:00:00.000Z,USD,JOLTs Job Openings,1,
2024-04-03T09:00:00.000Z,EUR,Inflation Rate YoY Flash,1,
2024-04-03T14:00:00.000Z,USD,ISM Services PMI,1,
2024-04-03T16:10:00.000Z,USD,Fed Chair Powell Speech,1,
2024-04-04T12:30:00.000Z,CAD,Balance of Trade,1,
2024-04-05T00:30:00.000Z,AUD,Balance of Trade,1,
2024-04-05T12:30:00.000Z,USD,Unemployment Rate,1,
2024-04-05T12:30:00.000Z,USD,Non Farm Payrolls,1,
2024-04-05T12:30:00.000Z,CAD,Unemployment Rate,1,
2024-04-05T14:00:00.000Z,CAD,Ivey PMI s.a,1,
2024-04-08T06:00:00.000Z,EUR,Balance of Trade,1,
2024-04-09T00:30:00.000Z,AUD,Westpac Consumer Confidence Change,1,
2024-04-09T01:30:00.000Z,AUD,NAB Business Confidence,1,
2024-04-09T05:00:00.000Z,JPY,Consumer Confidence,1,
2024-04-10T12:30:00.000Z,USD,Inflation Rate MoM,1,
2024-04-10T12:30:00.000Z,USD,Core Inflation Rate MoM,1,
2024-04-10T12:30:00.000Z,USD,Core Inflation Rate YoY,1,
2024-04-10T12:30:00.000Z,USD,Inflation Rate YoY,1,
2024-04-10T13:45:00.000Z,CAD,BoC Interest Rate Decision,1,
2024-04-10T13:45:00.000Z,CAD,BoC Monetary Policy Report,1,
2024-04-10T18:00:00.000Z,USD,FOMC Minutes,1,
2024-04-11T01:30:00.000Z,CNY,Inflation Rate YoY,1,
2024-04-11T12:15:00.000Z,EUR,Deposit Facility Rate,1,
2024-04-11T12:15:00.000Z,EUR,ECB Interest Rate Decision,1,
2024-04-11T12:30:00.000Z,USD,PPI MoM,1,
2024-04-11T12:45:00.000Z,EUR,ECB Press Conference,1,
2024-04-12T06:00:00.000Z,GBP,GDP MoM,1,
2024-04-12T07:10:00.000Z,CNY,Balance of Trade,1,
2024-04-12T14:00:00.000Z,USD,Michigan Consumer Sentiment Prel,1,
2024-04-15T12:30:00.000Z,USD,Retail Sales MoM,1,
2024-04-16T02:00:00.000Z,CNY,Retail Sales YoY,1,
2024-04-16T02:00:00.000Z,CNY,Industrial Production YoY,1,
2024-04-16T02:00:00.000Z,CNY,GDP Growth Rate YoY,1,
2024-04-16T06:00:00.000Z,GBP,Unemployment Rate,1,
2024-04-16T09:00:00.000Z,EUR,ZEW Economic Sentiment Index,1,
2024-04-16T12:30:00.000Z,CAD,Inflation Rate YoY,1,
2024-04-16T12:30:00.000Z,USD,Building Permits Prel,1,
2024-04-16T17:15:00.000Z,USD,Fed Chair Powell Speech,1,
2024-04-16T23:50:00.000Z,JPY,Balance of Trade,1,
2024-04-17T06:00:00.000Z,GBP,Inflation Rate YoY,1,
2024-04-18T23:30:00.000Z,JPY,Inflation Rate YoY,1,
2024-04-19T06:00:00.000Z,GBP,Retail Sales MoM,1,
2024-04-23T07:30:00.000Z,EUR,HCOB Manufacturing PMI Flash,1,
2024-04-24T01:30:00.000Z,AUD,Inflation Rate YoY,1,
2024-04-24T08:00:00.000Z,EUR,Ifo Business Climate,1,
2024-04-24T12:30:00.000Z,USD,Durable Goods Orders MoM,1,
2024-04-25T06:00:00.000Z,EUR,GfK Consumer Confidence,1,
2024-04-25T12:30:00.000Z,USD,GDP Growth Rate QoQ Adv,1,
2024-04-26T03:00:00.000Z,JPY,BoJ Interest Rate Decision,1,
2024-04-26T12:30:00.000Z,USD,Core PCE Price Index MoM,1,
2024-04-26T12:30:00.000Z,USD,Personal Income MoM,1,
2024-04-26T12:30:00.000Z,USD,Personal Spending MoM,1,
2024-04-29T12:00:00.000Z,EUR,Inflation Rate YoY Prel,1,
2024-04-30T01:30:00.000Z,CNY,NBS Manufacturing PMI,1,
2024-04-30T01:45:00.000Z,CNY,Caixin Manufacturing PMI,1,
2024-04-30T05:30:00.000Z,EUR,GDP Growth Rate YoY Prel,1,
2024-04-30T05:30:00.000Z,EUR,GDP Growth Rate QoQ Prel,1,
2024-04-30T06:45:00.000Z,EUR,Inflation Rate YoY Prel,1,
2024-04-30T08:00:00.000Z,EUR,GDP Growth Rate QoQ Flash,1,
2024-04-30T08:00:00.000Z,EUR,GDP Growth Rate YoY Flash,1,
2024-04-30T08:00:00.000Z,EUR,GDP Growth Rate YoY Adv,1,
2024-04-30T08:00:00.000Z,EUR,GDP Growth Rate QoQ Adv,1,
2024-04-30T09:00:00.000Z,EUR,GDP Growth Rate YoY Flash,1,
2024-04-30T09:00:00.000Z,EUR,GDP Growth Rate QoQ Flash,1,
2024-04-30T09:00:00.000Z,EUR,Inflation Rate YoY Prel,1,
2024-04-30T09:00:00.000Z,EUR,Inflation Rate YoY Flash,1,
2024-05-01T14:00:00.000Z,USD,ISM Manufacturing PMI,1,
2024-05-01T14:00:00.000Z,USD,JOLTs Job Openings,1,
2024-05-01T18:00:00.000Z,USD,Fed Interest Rate Decision,1,
2024-05-01T18:30:00.000Z,USD,Fed Press Conference,1,
2024-05-02T01:30:00.000Z,AUD,Balance of Trade,1,
2024-05-02T05:00:00.000Z,JPY,Consumer Confidence,1,
2024-05-02T12:30:00.000Z,CAD,Balance of Trade,1,
2024-05-03T12:30:00.000Z,USD,Non Farm Payrolls,1,
2024-05-03T12:30:00.000Z,USD,Unemployment Rate,1,
2024-05-03T14:00:00.000Z,USD,ISM Services PMI,1,
2024-05-07T04:30:00.000Z,AUD,RBA Interest Rate Decision,1,
2024-05-07T06:00:00.000Z,EUR,Balance of Trade,1,
2024-05-07T14:00:00.000Z,CAD,Ivey PMI s.a,1,
2024-05-09T03:00:00.000Z,CNY,Balance of Trade,1,
2024-05-09T11:00:00.000Z,GBP,BoE Interest Rate Decision,1,
2024-05-10T06:00:00.000Z,GBP,GDP Growth Rate YoY Prel,1,
2024-05-10T06:00:00.000Z,GBP,GDP Growth Rate QoQ Prel,1,
2024-05-10T06:00:00.000Z,GBP,GDP MoM,1,
2024-05-10T12:30:00.000Z,CAD,Unemployment Rate,1,
2024-05-10T14:00:00.000Z,USD,Michigan Consumer Sentiment Prel,1,
2024-05-11T01:30:00.000Z,CNY,Inflation Rate YoY,1,
2024-05-13T01:30:00.000Z,AUD,NAB Business Confidence,1,
2024-05-14T06:00:00.000Z,GBP,Unemployment Rate,1,
2024-05-14T09:00:00.000Z,EUR,ZEW Economic Sentiment Index,1,
2024-05-14T12:30:00.000Z,USD,PPI MoM,1,
2024-05-14T14:00:00.000Z,USD,Fed Chair Powell Speech,1,
2024-05-15T12:30:00.000Z,USD,Inflation Rate MoM,1,
2024-05-15T12:30:00.000Z,USD,Core Inflation Rate MoM,1,
2024-05-15T12:30:00.000Z,USD,Inflation Rate YoY,1,
2024-05-15T12:30:00.000Z,USD,Core Inflation Rate YoY,1,
2024-05-15T12:30:00.000Z,USD,Retail Sales MoM,1,
2024-05-15T23:50:00.000Z,JPY,GDP Growth Rate QoQ Prel,1,
2024-05-16T12:30:00.000Z,USD,Building Permits Prel,1,
2024-05-17T02:00:00.000Z,CNY,Retail Sales YoY,1,
2024-05-17T02:00:00.000Z,CNY,Industrial Production YoY,1,
2024-05-19T19:30:00.000Z,USD,Fed Chair Powell Speech,1,
2024-05-21T00:30:00.000Z,AUD,Westpac Consumer Confidence Change,1,
2024-05-21T01:30:00.000Z,AUD,RBA Meeting Minutes,1,
2024-05-21T12:30:00.000Z,CAD,Inflation Rate YoY,1,
2024-05-21T23:50:00.000Z,JPY,Balance of Trade,1,
2024-05-22T06:00:00.000Z,GBP,Inflation Rate YoY,1,
2024-05-22T18:00:00.000Z,USD,FOMC Minutes,1,
2024-05-23T07:30:00.000Z,EUR,HCOB Manufacturing PMI Flash,1,
2024-05-23T23:30:00.000Z,JPY,Inflation Rate YoY,1,
2024-05-24T06:00:00.000Z,GBP,Retail Sales MoM,1,
2024-05-24T12:30:00.000Z,USD,Durable Goods Orders MoM,1,
2024-05-27T08:00:00.000Z,EUR,Ifo Business Climate,1,
2024-05-29T05:00:00.000Z,JPY,Consumer Confidence,1,
2024-05-29T06:00:00.000Z,EUR,GfK Consumer Confidence,1,
2024-05-29T12:00:00.000Z,EUR,Inflation Rate YoY Prel,1,
2024-05-30T12:30:00.000Z,USD,GDP Growth Rate QoQ 2nd Est,1,
2024-05-31T01:30:00.000Z,CNY,NBS Manufacturing PMI,1,
2024-05-31T06:45:00.000Z,EUR,Inflation Rate YoY Prel,1,
2024-05-31T09:00:00.000Z,EUR,Inflation Rate YoY Flash,1,
2024-05-31T09:00:00.000Z,EUR,Inflation Rate YoY Prel,1,
2024-05-31T12:00:00.000Z,INR,GDP Growth Rate YoY,1,
2024-05-31T12:30:00.000Z,CAD,GDP Growth Rate Annualized,1,
2024-05-31T12:30:00.000Z,CAD,GDP Growth Rate QoQ,1,
2024-05-31T12:30:00.000Z,USD,Core PCE Price Index MoM,1,
2024-05-31T12:30:00.000Z,USD,Personal Spending MoM,1,
2024-05-31T12:30:00.000Z,USD,Personal Income MoM,1,
2024-06-03T01:45:00.000Z,CNY,Caixin Manufacturing PMI,1,
2024-06-03T14:00:00.000Z,USD,ISM Manufacturing PMI,1,
2024-06-04T14:00:00.000Z,USD,JOLTs Job Openings,1,
2024-06-05T01:30:00.000Z,AUD,GDP Growth Rate QoQ,1,
2024-06-05T13:45:00.000Z,CAD,BoC Interest Rate Decision,1,
2024-06-05T14:00:00.000Z,USD,ISM Services PMI,1,
2024-06-06T01:30:00.000Z,AUD,Balance of Trade,1,
2024-06-06T12:15:00.000Z,EUR,Deposit Facility Rate,1,
2024-06-06T12:15:00.000Z,EUR,ECB Interest Rate Decision,1,
2024-06-06T12:30:00.000Z,CAD,Balance of Trade,1,
2024-06-06T12:45:00.000Z,EUR,ECB Press Conference,1,
2024-06-06T14:00:00.000Z,CAD,Ivey PMI s.a,1,
2024-06-07T03:00:00.000Z,CNY,Balance of Trade,1,
2024-06-07T06:00:00.000Z,EUR,Balance of Trade,1,
2024-06-07T12:30:00.000Z,USD,Unemployment Rate,1,
2024-06-07T12:30:00.000Z,USD,Non Farm Payrolls,1,
2024-06-07T12:30:00.000Z,CAD,Unemployment Rate,1,
2024-06-07T14:15:00.000Z,EUR,ECB President Lagarde Speech,1,
2024-06-11T01:30:00.000Z,AUD,NAB Business Confidence,1,
2024-06-11T06:00:00.000Z,GBP,Unemployment Rate,1,
2024-06-12T01:30:00.000Z,CNY,Inflation Rate YoY,1,
2024-06-12T06:00:00.000Z,GBP,GDP MoM,1,
2024-06-12T12:30:00.000Z,USD,Core Inflation Rate MoM,1,
2024-06-12T12:30:00.000Z,USD,Inflation Rate MoM,1,
2024-06-12T12:30:00.000Z,USD,Core Inflation Rate YoY,1,
2024-06-12T12:30:00.000Z,USD,Inflation Rate YoY,1,
2024-06-12T18:00:00.000Z,USD,Fed Interest Rate Decision,1,
2024-06-12T18:00:00.000Z,USD,FOMC Economic Projections,1,
2024-06-12T18:30:00.000Z,USD,Fed Press Conference,1,
2024-06-13T12:30:00.000Z,USD,PPI MoM,1,
2024-06-14T03:25:00.000Z,JPY,BoJ Interest Rate Decision,1,
2024-06-14T14:00:00.000Z,USD,Michigan Consumer Sentiment Prel,1,
2024-06-17T02:00:00.000Z,CNY,Retail Sales YoY,1,
2024-06-17T02:00:00.000Z,CNY,Industrial Production YoY,1,
2024-06-18T04:30:00.000Z,AUD,RBA Interest Rate Decision,1,
2024-06-18T09:00:00.000Z,EUR,ZEW Economic Sentiment Index,1,
2024-06-18T12:30:00.000Z,USD,Retail Sales MoM,1,
2024-06-18T23:50:00.000Z,JPY,Balance of Trade,1,
2024-06-19T06:00:00.000Z,GBP,Inflation Rate YoY,1,
2024-06-20T11:00:00.000Z,GBP,BoE Interest Rate Decision,1,
2024-06-20T12:30:00.000Z,USD,Building Permits Prel,1,
2024-06-20T23:30:00.000Z,JPY,Inflation Rate YoY,1,
2024-06-21T06:00:00.000Z,GBP,Retail Sales MoM,1,
2024-06-21T07:30:00.000Z,EUR,HCOB Manufacturing PMI Flash,1,
2024-06-24T08:00:00.000Z,EUR,Ifo Business Climate,1,
2024-06-25T00:30:00.000Z,AUD,Westpac Consumer Confidence Change,1,
2024-06-25T12:30:00.000Z,CAD,Inflation Rate YoY,1,
2024-06-26T06:00:00.000Z,EUR,GfK Consumer Confidence,1,
2024-06-27T12:30:00.000Z,USD,Durable Goods Orders MoM,1,
2024-06-27T12:30:00.000Z,USD,GDP Growth Rate QoQ Final,1,
2024-06-28T06:45:00.000Z,EUR,Inflation Rate YoY Prel,1,
2024-06-28T09:00:00.000Z,EUR,Inflation Rate YoY Prel,1,
2024-06-28T12:30:00.000Z,USD,Core PCE Price Index MoM,1,
2024-06-28T12:30:00.000Z,USD,Personal Income MoM,1,
2024-06-28T12:30:00.000Z,USD,Personal Spending MoM,1,
2024-06-30T01:30:00.000Z,CNY,NBS Manufacturing PMI,1,
2024-06-30T23:50:00.000Z,JPY,Tankan Large Manufacturers Index,1,
2024-07-01T01:45:00.000Z,CNY,Caixin Manufacturing PMI,1,
2024-07-01T05:00:00.000Z,JPY,Consumer Confidence,1,
2024-07-01T12:00:00.000Z,EUR,Inflation Rate YoY Prel,1,
2024-07-01T14:00:00.000Z,USD,ISM Manufacturing PMI,1,
2024-07-02T01:30:00.000Z,AUD,RBA Meeting Minutes,1,
2024-07-02T09:00:00.000Z,EUR,Inflation Rate YoY Flash,1,
2024-07-02T13:30:00.000Z,USD,Fed Chair Powell Speech,1,
2024-07-02T14:00:00.000Z,USD,JOLTs Job Openings,1,
2024-07-03T12:30:00.000Z,CAD,Balance of Trade,1,
2024-07-03T14:00:00.000Z,USD,ISM Services PMI,1,
2024-07-03T18:00:00.000Z,USD,FOMC Minutes,1,
2024-07-04T01:30:00.000Z,AUD,Balance of Trade,1,
2024-07-04T09:00:00.000Z,GBP,UK General Election,1,
2024-07-05T12:30:00.000Z,USD,Non Farm Payrolls,1,
2024-07-05T12:30:00.000Z,USD,Unemployment Rate,1,
2024-07-05T12:30:00.000Z,CAD,Unemployment Rate,1,
2024-07-05T14:00:00.000Z,CAD,Ivey PMI s.a,1,
2024-07-08T06:00:00.000Z,EUR,Balance of Trade,1,
2024-07-09T00:30:00.000Z,AUD,Westpac Consumer Confidence Change,1,
2024-07-09T01:30:00.000Z,AUD,NAB Business Confidence,1,
2024-07-09T14:00:00.000Z,USD,Fed Chair Powell Testimony,1,
2024-07-10T01:30:00.000Z,CNY,Inflation Rate YoY,1,
2024-07-10T14:00:00.000Z,USD,Fed Chair Powell Testimony,1,
2024-07-11T06:00:00.000Z,GBP,GDP MoM,1,
2024-07-11T12:30:00.000Z,USD,Inflation Rate MoM,1,
2024-07-11T12:30:00.000Z,USD,Inflation Rate YoY,1,
2024-07-11T12:30:00.000Z,USD,Core Inflation Rate YoY,1,
2024-07-11T12:30:00.000Z,USD,Core Inflation Rate MoM,1,
2024-07-12T03:00:00.000Z,CNY,Balance of Trade,1,
2024-07-12T12:30:00.000Z,USD,PPI MoM,1,
2024-07-12T14:00:00.000Z,USD,Michigan Consumer Sentiment Prel,1,
2024-07-15T02:00:00.000Z,CNY,Retail Sales YoY,1,
2024-07-15T02:00:00.000Z,CNY,Industrial Production YoY,1,
2024-07-15T02:00:00.000Z,CNY,GDP Growth Rate YoY,1,
2024-07-15T16:30:00.000Z,USD,Fed Chair Powell Speech,1,
2024-07-16T09:00:00.000Z,EUR,ZEW Economic Sentiment Index,1,
2024-07-16T12:30:00.000Z,CAD,Inflation Rate YoY,1,
2024-07-16T12:30:00.000Z,USD,Retail Sales MoM,1,
2024-07-17T06:00:00.000Z,GBP,Inflation Rate YoY,1,
2024-07-17T12:30:00.000Z,USD,Building Permits Prel,1,
2024-07-17T23:50:00.000Z,JPY,Balance of Trade,1,
2024-07-18T06:00:00.000Z,GBP,Unemployment Rate,1,
2024-07-18T12:15:00.000Z,EUR,Deposit Facility Rate,1,
2024-07-18T12:15:00.000Z,EUR,ECB Interest Rate Decision,1,
2024-07-18T12:45:00.000Z,EUR,ECB Press Conference,1,
2024-07-18T23:30:00.000Z,JPY,Inflation Rate YoY,1,
2024-07-19T06:00:00.000Z,GBP,Retail Sales MoM,1,
2024-07-24T06:00:00.000Z,EUR,GfK Consumer Confidence,1,
2024-07-24T07:30:00.000Z,EUR,HCOB Manufacturing PMI Flash,1,
2024-07-24T13:45:00.000Z,CAD,BoC Interest Rate Decision,1,
2024-07-24T13:45:00.000Z,CAD,BoC Monetary Policy Report,1,
2024-07-25T08:00:00.000Z,EUR,Ifo Business Climate,1,
2024-07-25T12:30:00.000Z,USD,Durable Goods Orders MoM,1,
2024-07-25T12:30:00.000Z,USD,GDP Growth Rate QoQ Adv,1,
2024-07-26T12:30:00.000Z,USD,Core PCE Price Index MoM,1,
2024-07-26T12:30:00.000Z,USD,Personal Spending MoM,1,
2024-07-26T12:30:00.000Z,USD,Personal Income MoM,1,
2024-07-30T05:30:00.000Z,EUR,GDP Growth Rate YoY Prel,1,
2024-07-30T05:30:00.000Z,EUR,GDP Growth Rate QoQ Prel,1,
2024-07-30T08:00:00.000Z,EUR,GDP Growth Rate YoY Flash,1,
2024-07-30T08:00:00.000Z,EUR,GDP Growth Rate QoQ Flash,1,
2024-07-30T08:00:00.000Z,EUR,GDP Growth Rate YoY Adv,1,
2024-07-30T08:00:00.000Z,EUR,GDP Growth Rate QoQ Adv,1,
2024-07-30T09:00:00.000Z,EUR,GDP Growth Rate YoY Flash,1,
2024-07-30T09:00:00.000Z,EUR,GDP Growth Rate QoQ Flash,1,
2024-07-30T12:00:00.000Z,EUR,Inflation Rate YoY Prel,1,
2024-07-30T14:00:00.000Z,USD,JOLTs Job Openings,1,
2024-07-31T01:30:00.000Z,AUD,Monthly CPI Indicator,1,
2024-07-31T01:30:00.000Z,CNY,NBS Manufacturing PMI,1,
2024-07-31T04:00:00.000Z,JPY,BoJ Interest Rate Decision,1,
2024-07-31T05:00:00.000Z,JPY,Consumer Confidence,1,
2024-07-31T06:45:00.000Z,EUR,Inflation Rate YoY Prel,1,
2024-07-31T08:30:00.000Z,EUR,Inflation Rate YoY Prel,1,
2024-07-31T09:00:00.000Z,EUR,Inflation Rate YoY Flash,1,
2024-07-31T18:00:00.000Z,USD,Fed Interest Rate Decision,1,
2024-07-31T18:30:00.000Z,USD,Fed Press Conference,1,
2024-08-01T01:30:00.000Z,AUD,Balance of Trade,1,
2024-08-01T01:45:00.000Z,CNY,Caixin Manufacturing PMI,1,
2024-08-01T11:00:00.000Z,GBP,BoE Interest Rate Decision,1,
2024-08-01T14:00:00.000Z,USD,ISM Manufacturing PMI,1,
2024-08-02T12:30:00.000Z,USD,Unemployment Rate,1,
2024-08-02T12:30:00.000Z,USD,Non Farm Payrolls,1,
2024-08-05T14:00:00.000Z,USD,ISM Services PMI,1,
2024-08-06T04:30:00.000Z,AUD,RBA Interest Rate Decision,1,
2024-08-06T12:30:00.000Z,CAD,Balance of Trade,1,
2024-08-07T03:00:00.000Z,CNY,Balance of Trade,1,
2024-08-07T06:00:00.000Z,EUR,Balance of Trade,1,
2024-08-07T14:00:00.000Z,CAD,Ivey PMI s.a,1,
2024-08-09T01:30:00.000Z,CNY,Inflation Rate YoY,1,
2024-08-09T12:30:00.000Z,CAD,Unemployment Rate,1,
2024-08-13T00:30:00.000Z,AUD,Westpac Consumer Confidence Change,1,
2024-08-13T01:30:00.000Z,AUD,NAB Business Confidence,1,
2024-08-13T06:00:00.000Z,GBP,Unemployment Rate,1,
2024-08-13T09:00:00.000Z,EUR,ZEW Economic Sentiment Index,1,
2024-08-13T12:30:00.000Z,USD,PPI MoM,1,
2024-08-14T06:00:00.000Z,GBP,Inflation Rate YoY,1,
2024-08-14T12:30:00.000Z,USD,Core Inflation Rate MoM,1,
2024-08-14T12:30:00.000Z,USD,Inflation Rate MoM,1,
2024-08-14T12:30:00.000Z,USD,Core Inflation Rate YoY,1,
2024-08-14T12:30:00.000Z,USD,Inflation Rate YoY,1,
2024-08-14T23:50:00.000Z,JPY,GDP Growth Rate QoQ Prel,1,
2024-08-15T02:00:00.000Z,CNY,Retail Sales YoY,1,
2024-08-15T02:00:00.000Z,CNY,Industrial Production YoY,1,
2024-08-15T06:00:00.000Z,GBP,GDP MoM,1,
2024-08-15T06:00:00.000Z,GBP,GDP Growth Rate YoY Prel,1,
2024-08-15T06:00:00.000Z,GBP,GDP Growth Rate QoQ Prel,1,
2024-08-15T12:30:00.000Z,USD,Retail Sales MoM,1,
2024-08-16T06:00:00.000Z,GBP,Retail Sales MoM,1,
2024-08-16T12:30:00.000Z,USD,Building Permits Prel,1,
2024-08-16T14:00:00.000Z,USD,Michigan Consumer Sentiment Prel,1,
2024-08-20T01:30:00.000Z,AUD,RBA Meeting Minutes,1,
2024-08-20T12:30:00.000Z,CAD,Inflation Rate YoY,1,
2024-08-20T23:50:00.000Z,JPY,Balance of Trade,1,
2024-08-21T14:00:00.000Z,USD,Non Farm Payrolls Annual Revision,1,
2024-08-21T18:00:00.000Z,USD,FOMC Minutes,1,
2024-08-22T07:30:00.000Z,EUR,HCOB Manufacturing PMI Flash,1,
2024-08-22T23:30:00.000Z,JPY,Inflation Rate YoY,1,
2024-08-23T14:00:00.000Z,USD,Fed Chair Powell Speech,1,
2024-08-26T08:00:00.000Z,EUR,Ifo Business Climate,1,
2024-08-26T12:30:00.000Z,USD,Durable Goods Orders MoM,1,
2024-08-27T06:00:00.000Z,EUR,GfK Consumer Confidence,1,
2024-08-28T01:30:00.000Z,AUD,Monthly CPI Indicator,1,
2024-08-29T05:00:00.000Z,JPY,Consumer Confidence,1,
2024-08-29T12:00:00.000Z,EUR,Inflation Rate YoY Prel,1,
2024-08-29T12:30:00.000Z,USD,GDP Growth Rate QoQ 2nd Est,1,
2024-08-30T06:45:00.000Z,EUR,Inflation Rate YoY Prel,1,
2024-08-30T09:00:00.000Z,EUR,Inflation Rate YoY Prel,1,
2024-08-30T09:00:00.000Z,EUR,Inflation Rate YoY Flash,1,
2024-08-30T12:00:00.000Z,INR,GDP Growth Rate YoY,1,
2024-08-30T12:30:00.000Z,CAD,GDP Growth Rate Annualized,1,
2024-08-30T12:30:00.000Z,CAD,GDP Growth Rate QoQ,1,
2024-08-30T12:30:00.000Z,USD,Core PCE Price Index MoM,1,
2024-08-30T12:30:00.000Z,USD,Personal Income MoM,1,
2024-08-30T12:30:00.000Z,USD,Personal Spending MoM,1,
2024-08-31T01:30:00.000Z,CNY,NBS Manufacturing PMI,1,
2024-09-02T01:45:00.000Z,CNY,Caixin Manufacturing PMI,1,
2024-09-03T14:00:00.000Z,USD,ISM Manufacturing PMI,1,
2024-09-04T01:30:00.000Z,AUD,GDP Growth Rate QoQ,1,
2024-09-04T12:30:00.000Z,CAD,Balance of Trade,1,
2024-09-04T13:45:00.000Z,CAD,BoC Interest Rate Decision,1,
2024-09-04T14:00:00.000Z,USD,JOLTs Job Openings,1,
2024-09-05T01:30:00.000Z,AUD,Balance of Trade,1,
2024-09-05T14:00:00.000Z,USD,ISM Services PMI,1,
2024-09-06T06:00:00.000Z,EUR,Balance of Trade,1,
2024-09-06T12:30:00.000Z,USD,Non Farm Payrolls,1,
2024-09-06T12:30:00.000Z,USD,Unemployment Rate,1,
2024-09-06T12:30:00.000Z,CAD,Unemployment Rate,1,
2024-09-06T14:00:00.000Z,CAD,Ivey PMI s.a,1,
2024-09-09T01:30:00.000Z,CNY,Inflation Rate YoY,1,
2024-09-10T00:30:00.000Z,AUD,Westpac Consumer Confidence Change,1,
2024-09-10T01:30:00.000Z,AUD,NAB Business Confidence,1,
2024-09-10T03:00:00.000Z,CNY,Balance of Trade,1,
2024-09-10T06:00:00.000Z,GBP,Unemployment Rate,1,
2024-09-11T06:00:00.000Z,GBP,GDP MoM,1,
2024-09-11T12:30:00.000Z,USD,Core Inflation Rate MoM,1,
2024-09-11T12:30:00.000Z,USD,Inflation Rate MoM,1,
2024-09-11T12:30:00.000Z,USD,Inflation Rate YoY,1,
2024-09-11T12:30:00.000Z,USD,Core Inflation Rate YoY,1,
2024-09-12T12:15:00.000Z,EUR,Deposit Facility Rate,1,
2024-09-12T12:15:00.000Z,EUR,ECB Interest Rate Decision,1,
2024-09-12T12:30:00.000Z,USD,PPI MoM,1,
2024-09-12T12:45:00.000Z,EUR,ECB Press Conference,1,
2024-09-13T14:00:00.000Z,USD,Michigan Consumer Sentiment Prel,1,
2024-09-14T02:00:00.000Z,CNY,Retail Sales YoY,1,
2024-09-14T02:00:00.000Z,CNY,Industrial Production YoY,1,
2024-09-17T09:00:00.000Z,EUR,ZEW Economic Sentiment Index,1,
2024-09-17T12:30:00.000Z,USD,Retail Sales MoM,1,
2024-09-17T12:30:00.000Z,CAD,Inflation Rate YoY,1,
2024-09-17T23:50:00.000Z,JPY,Balance of Trade,1,
2024-09-18T06:00:00.000Z,GBP,Inflation Rate YoY,1,
2024-09-18T12:30:00.000Z,USD,Building Permits Prel,1,
2024-09-18T18:00:00.000Z,USD,Fed Interest Rate Decision,1,
2024-09-18T18:00:00.000Z,USD,FOMC Economic Projections,1,
2024-09-18T18:30:00.000Z,USD,Fed Press Conference,1,
2024-09-19T11:00:00.000Z,GBP,BoE Interest Rate Decision,1,
2024-09-19T23:30:00.000Z,JPY,Inflation Rate YoY,1,
2024-09-20T03:00:00.000Z,JPY,BoJ Interest Rate Decision,1,
2024-09-20T06:00:00.000Z,GBP,Retail Sales MoM,1,
2024-09-23T07:30:00.000Z,EUR,HCOB Manufacturing PMI Flash,1,
2024-09-24T04:30:00.000Z,AUD,RBA Interest Rate Decision,1,
2024-09-24T08:00:00.000Z,EUR,Ifo Business Climate,1,
2024-09-25T01:30:00.000Z,AUD,Monthly CPI Indicator,1,
2024-09-26T06:00:00.000Z,EUR,GfK Consumer Confidence,1,
2024-09-26T12:30:00.000Z,USD,GDP Growth Rate QoQ Final,1,
2024-09-26T12:30:00.000Z,USD,Durable Goods Orders MoM,1,
2024-09-26T13:20:00.000Z,USD,Fed Chair Powell Speech,1,
2024-09-27T06:45:00.000Z,EUR,Inflation Rate YoY Prel,1,
2024-09-27T12:30:00.000Z,USD,Core PCE Price Index MoM,1,
2024-09-27T12:30:00.000Z,USD,Personal Spending MoM,1,
2024-09-27T12:30:00.000Z,USD,Personal Income MoM,1,
2024-09-30T01:30:00.000Z,CNY,NBS Manufacturing PMI,1,
2024-09-30T01:45:00.000Z,CNY,Caixin Manufacturing PMI,1,
2024-09-30T09:00:00.000Z,EUR,Inflation Rate YoY Prel,1,
2024-09-30T12:00:00.000Z,EUR,Inflation Rate YoY Prel,1,
2024-09-30T17:55:00.000Z,USD,Fed Chair Powell Speech,1,
2024-09-30T23:50:00.000Z,JPY,Tankan Large Manufacturers Index,1,
2024-10-01T09:00:00.000Z,EUR,Inflation Rate YoY Flash,1,
2024-10-01T14:00:00.000Z,USD,ISM Manufacturing PMI,1,
2024-10-01T14:00:00.000Z,USD,JOLTs Job Openings,1,
2024-10-02T05:00:00.000Z,JPY,Consumer Confidence,1,
2024-10-03T01:30:00.000Z,AUD,Balance of Trade,1,
2024-10-03T14:00:00.000Z,USD,ISM Services PMI,1,
2024-10-04T12:30:00.000Z,USD,Unemployment Rate,1,
2024-10-04T12:30:00.000Z,USD,Non Farm Payrolls,1,
2024-10-04T14:00:00.000Z,CAD,Ivey PMI s.a,1,
2024-10-08T00:30:00.000Z,AUD,NAB Business Confidence,1,
2024-10-08T00:30:00.000Z,AUD,RBA Meeting Minutes,1,
2024-10-08T01:00:00.000Z,AUD,Westpac Consumer Confidence Change,1,
2024-10-08T02:00:00.000Z,CNY,National Development and Reform Commission Briefing,1,
2024-10-08T12:30:00.000Z,CAD,Balance of Trade,1,
2024-10-09T06:00:00.000Z,EUR,Balance of Trade,1,
2024-10-09T18:00:00.000Z,USD,FOMC Minutes,1,
2024-10-10T12:30:00.000Z,USD,Core Inflation Rate MoM,1,
2024-10-10T12:30:00.000Z,USD,Inflation Rate MoM,1,
2024-10-10T12:30:00.000Z,USD,Core Inflation Rate YoY,1,
2024-10-10T12:30:00.000Z,USD,Inflation Rate YoY,1,
2024-10-11T06:00:00.000Z,GBP,GDP MoM,1,
2024-10-11T12:30:00.000Z,CAD,Unemployment Rate,1,
2024-10-11T12:30:00.000Z,USD,PPI MoM,1,
2024-10-11T14:00:00.000Z,USD,Michigan Consumer Sentiment Prel,1,
2024-10-13T01:30:00.000Z,CNY,Inflation Rate YoY,1,
2024-10-14T08:15:00.000Z,CNY,Balance of Trade,1,
2024-10-15T06:00:00.000Z,GBP,Unemployment Rate,1,
2024-10-15T09:00:00.000Z,EUR,ZEW Economic Sentiment Index,1,
2024-10-15T12:30:00.000Z,CAD,Inflation Rate YoY,1,
2024-10-16T06:00:00.000Z,GBP,Inflation Rate YoY,1,
2024-10-16T18:40:00.000Z,EUR,ECB President Lagarde Speech,1,
2024-10-16T23:50:00.000Z,JPY,Balance of Trade,1,
2024-10-17T12:15:00.000Z,EUR,Deposit Facility Rate,1,
2024-10-17T12:15:00.000Z,EUR,ECB Interest Rate Decision,1,
2024-10-17T12:30:00.000Z,USD,Retail Sales MoM,1,
2024-10-17T12:45:00.000Z,EUR,ECB Press Conference,1,
2024-10-17T23:30:00.000Z,JPY,Inflation Rate YoY,1,
2024-10-18T02:00:00.000Z,CNY,Industrial Production YoY,1,
2024-10-18T02:00:00.000Z,CNY,Retail Sales YoY,1,
2024-10-18T02:00:00.000Z,CNY,GDP Growth Rate YoY,1,
2024-10-18T06:00:00.000Z,GBP,Retail Sales MoM,1,
2024-10-18T12:30:00.000Z,USD,Building Permits Prel,1,
2024-10-22T14:00:00.000Z,EUR,ECB President Lagarde Speech,1,
2024-10-22T19:15:00.000Z,EUR,ECB President Lagarde Speech,1,
2024-10-23T13:45:00.000Z,CAD,BoC Interest Rate Decision,1,
2024-10-23T13:45:00.000Z,CAD,BoC Monetary Policy Report,1,
2024-10-23T14:00:00.000Z,EUR,ECB President Lagarde Speech,1,
2024-10-24T07:30:00.000Z,EUR,HCOB Manufacturing PMI Flash,1,
2024-10-25T08:00:00.000Z,EUR,Ifo Business Climate,1,
2024-10-25T12:30:00.000Z,USD,Durable Goods Orders MoM,1,
2024-10-29T07:00:00.000Z,EUR,GfK Consumer Confidence,1,
2024-10-29T14:00:00.000Z,USD,JOLTs Job Openings,1,
2024-10-30T00:30:00.000Z,AUD,Monthly CPI Indicator,1,
2024-10-30T05:00:00.000Z,JPY,Consumer Confidence,1,
2024-10-30T06:30:00.000Z,EUR,GDP Growth Rate QoQ Prel,1,
2024-10-30T06:30:00.000Z,EUR,GDP Growth Rate YoY Prel,1,
2024-10-30T09:00:00.000Z,EUR,GDP Growth Rate QoQ Flash,1,
2024-10-30T09:00:00.000Z,EUR,GDP Growth Rate YoY Flash,1,
2024-10-30T09:00:00.000Z,EUR,GDP Growth Rate QoQ Adv,1,
2024-10-30T09:00:00.000Z,EUR,GDP Growth Rate YoY Adv,1,
2024-10-30T10:00:00.000Z,EUR,GDP Growth Rate YoY Flash,1,
2024-10-30T10:00:00.000Z,EUR,GDP Growth Rate QoQ Flash,1,
2024-10-30T12:30:00.000Z,USD,GDP Growth Rate QoQ Adv,1,
2024-10-30T13:00:00.000Z,EUR,Inflation Rate YoY Prel,1,
2024-10-31T01:30:00.000Z,CNY,NBS Manufacturing PMI,1,
2024-10-31T03:00:00.000Z,JPY,BoJ Interest Rate Decision,1,
2024-10-31T07:45:00.000Z,EUR,Inflation Rate YoY Prel,1,
2024-10-31T10:00:00.000Z,EUR,Inflation Rate YoY Prel,1,
2024-10-31T10:00:00.000Z,EUR,Inflation Rate YoY Flash,1,
2024-10-31T12:30:00.000Z,USD,Core PCE Price Index MoM,1,
2024-10-31T12:30:00.000Z,USD,Personal Income MoM,1,
2024-10-31T12:30:00.000Z,USD,Personal Spending MoM,1,
2024-11-01T01:45:00.000Z,CNY,Caixin Manufacturing PMI,1,
2024-11-01T12:30:00.000Z,USD,Non Farm Payrolls,1,
2024-11-01T12:30:00.000Z,USD,Unemployment Rate,1,
2024-11-01T14:00:00.000Z,USD,ISM Manufacturing PMI,1,
2024-11-05T03:30:00.000Z,AUD,RBA Interest Rate Decision,1,
2024-11-05T12:00:00.000Z,USD,Presidential Election,1,
2024-11-05T13:30:00.000Z,CAD,Balance of Trade,1,
2024-11-05T15:00:00.000Z,USD,ISM Services PMI,1,
2024-11-06T15:00:00.000Z,CAD,Ivey PMI s.a,1,
2024-11-07T00:30:00.000Z,AUD,Balance of Trade,1,
2024-11-07T03:30:00.000Z,CNY,Balance of Trade,1,
2024-11-07T07:00:00.000Z,EUR,Balance of Trade,1,
2024-11-07T12:00:00.000Z,GBP,BoE Interest Rate Decision,1,
2024-11-07T19:00:00.000Z,USD,Fed Interest Rate Decision,1,
2024-11-07T19:30:00.000Z,USD,Fed Press Conference,1,
2024-11-08T13:30:00.000Z,CAD,Unemployment Rate,1,
2024-11-08T15:00:00.000Z,USD,Michigan Consumer Sentiment Prel,1,
2024-11-09T01:30:00.000Z,CNY,Inflation Rate YoY,1,
2024-11-11T23:30:00.000Z,AUD,Westpac Consumer Confidence Change,1,
2024-11-12T00:30:00.000Z,AUD,NAB Business Confidence,1,
2024-11-12T07:00:00.000Z,GBP,Unemployment Rate,1,
2024-11-12T10:00:00.000Z,EUR,ZEW Economic Sentiment Index,1,
2024-11-13T13:30:00.000Z,USD,Inflation Rate MoM,1,
2024-11-13T13:30:00.000Z,USD,Core Inflation Rate MoM,1,
2024-11-13T13:30:00.000Z,USD,Core Inflation Rate YoY,1,
2024-11-13T13:30:00.000Z,USD,Inflation Rate YoY,1,
2024-11-14T13:30:00.000Z,USD,PPI MoM,1,
2024-11-14T20:00:00.000Z,USD,Fed Chair Powell Speech,1,
2024-11-14T23:50:00.000Z,JPY,GDP Growth Rate QoQ Prel,1,
2024-11-15T02:00:00.000Z,CNY,Retail Sales YoY,1,
2024-11-15T02:00:00.000Z,CNY,Industrial Production YoY,1,
2024-11-15T07:00:00.000Z,GBP,GDP MoM,1,
2024-11-15T07:00:00.000Z,GBP,GDP Growth Rate YoY Prel,1,
2024-11-15T07:00:00.000Z,GBP,GDP Growth Rate QoQ Prel,1,
2024-11-15T13:30:00.000Z,USD,Retail Sales MoM,1,
2024-11-19T00:30:00.000Z,AUD,RBA Meeting Minutes,1,
2024-11-19T13:30:00.000Z,USD,Building Permits Prel,1,
2024-11-19T13:30:00.000Z,CAD,Inflation Rate YoY,1,
2024-11-19T23:50:00.000Z,JPY,Balance of Trade,1,
2024-11-20T07:00:00.000Z,GBP,Inflation Rate YoY,1,
2024-11-21T23:30:00.000Z,JPY,Inflation Rate YoY,1,
2024-11-22T07:00:00.000Z,GBP,Retail Sales MoM,1,
2024-11-22T08:30:00.000Z,EUR,HCOB Manufacturing PMI Flash,1,
2024-11-25T09:00:00.000Z,EUR,Ifo Business Climate,1,
2024-11-26T19:00:00.000Z,USD,FOMC Minutes,1,
2024-11-27T00:30:00.000Z,AUD,Monthly CPI Indicator,1,
2024-11-27T09:30:00.000Z,EUR,GfK Consumer Confidence,1,
2024-11-27T13:30:00.000Z,USD,Durable Goods Orders MoM,1,
2024-11-27T13:30:00.000Z,USD,GDP Growth Rate QoQ 2nd Est,1,
2024-11-27T15:00:00.000Z,USD,Core PCE Price Index MoM,1,
2024-11-27T15:00:00.000Z,USD,Personal Spending MoM,1,
2024-11-27T15:00:00.000Z,USD,Personal Income MoM,1,
2024-11-28T13:00:00.000Z,EUR,Inflation Rate YoY Prel,1,
2024-11-29T05:00:00.000Z,JPY,Consumer Confidence,1,
2024-11-29T07:45:00.000Z,EUR,Inflation Rate YoY Prel,1,
2024-11-29T10:00:00.000Z,EUR,Inflation Rate YoY Flash,1,
2024-11-29T10:00:00.000Z,EUR,Inflation Rate YoY Prel,1,
2024-11-29T10:30:00.000Z,INR,GDP Growth Rate YoY,1,
2024-11-29T13:30:00.000Z,CAD,GDP Growth Rate QoQ,1,
2024-11-29T13:30:00.000Z,CAD,GDP Growth Rate Annualized,1,
2024-11-30T01:30:00.000Z,CNY,NBS Manufacturing PMI,1,
2024-12-02T01:45:00.000Z,CNY,Caixin Manufacturing PMI,1,
2024-12-02T15:00:00.000Z,USD,ISM Manufacturing PMI,1,
2024-12-03T15:00:00.000Z,USD,JOLTs Job Openings,1,
2024-12-04T00:30:00.000Z,AUD,GDP Growth Rate QoQ,1,
2024-12-04T01:00:00.000Z,KRW,BoK Monetary Policy Board Extraordinary Meeting,1,
2024-12-04T15:00:00.000Z,USD,ISM Services PMI,1,
2024-12-04T18:40:00.000Z,USD,Fed Chair Powell Speech,1,
2024-12-05T00:30:00.000Z,AUD,Balance of Trade,1,
2024-12-05T13:30:00.000Z,CAD,Balance of Trade,1,
2024-12-06T13:30:00.000Z,USD,Unemployment Rate,1,
2024-12-06T13:30:00.000Z,USD,Non Farm Payrolls,1,
2024-12-06T13:30:00.000Z,CAD,Unemployment Rate,1,
2024-12-06T15:00:00.000Z,USD,Michigan Consumer Sentiment Prel,1,
2024-12-06T15:00:00.000Z,CAD,Ivey PMI s.a,1,
2024-12-09T01:30:00.000Z,CNY,Inflation Rate YoY,1,
2024-12-10T00:30:00.000Z,AUD,NAB Business Confidence,1,
2024-12-10T03:00:00.000Z,CNY,Balance of Trade,1,
2024-12-10T03:30:00.000Z,AUD,RBA Interest Rate Decision,1,
2024-12-11T13:30:00.000Z,USD,Inflation Rate MoM,1,
2024-12-11T13:30:00.000Z,USD,Core Inflation Rate MoM,1,
2024-12-11T13:30:00.000Z,USD,Core Inflation Rate YoY,1,
2024-12-11T13:30:00.000Z,USD,Inflation Rate YoY,1,
2024-12-11T14:45:00.000Z,CAD,BoC Interest Rate Decision,1,
2024-12-12T13:15:00.000Z,EUR,Deposit Facility Rate,1,
2024-12-12T13:15:00.000Z,EUR,ECB Interest Rate Decision,1,
2024-12-12T13:30:00.000Z,USD,PPI MoM,1,
2024-12-12T13:45:00.000Z,EUR,ECB Press Conference,1,
2024-12-12T23:50:00.000Z,JPY,Tankan Large Manufacturers Index,1,
2024-12-13T07:00:00.000Z,EUR,Balance of Trade,1,
2024-12-13T07:00:00.000Z,GBP,GDP MoM,1,
2024-12-16T02:00:00.000Z,CNY,Industrial Production YoY,1,
2024-12-16T02:00:00.000Z,CNY,Retail Sales YoY,1,
2024-12-16T08:30:00.000Z,EUR,HCOB Manufacturing PMI Flash,1,
2024-12-16T23:30:00.000Z,AUD,Westpac Consumer Confidence Change,1,
2024-12-17T07:00:00.000Z,GBP,Unemployment Rate,1,
2024-12-17T09:00:00.000Z,EUR,Ifo Business Climate,1,
2024-12-17T10:00:00.000Z,EUR,ZEW Economic Sentiment Index,1,
2024-12-17T13:30:00.000Z,USD,Retail Sales MoM,1,
2024-12-17T13:30:00.000Z,CAD,Inflation Rate YoY,1,
2024-12-17T23:50:00.000Z,JPY,Balance of Trade,1,
2024-12-18T07:00:00.000Z,GBP,Inflation Rate YoY,1,
2024-12-18T13:30:00.000Z,USD,Building Permits Prel,1,
2024-12-18T19:00:00.000Z,USD,Fed Interest Rate Decision,1,
2024-12-18T19:00:00.000Z,USD,FOMC Economic Projections,1,
2024-12-18T19:30:00.000Z,USD,Fed Press Conference,1,
2024-12-19T03:00:00.000Z,JPY,BoJ Interest Rate Decision,1,
2024-12-19T07:00:00.000Z,EUR,GfK Consumer Confidence,1,
2024-12-19T12:00:00.000Z,GBP,BoE Interest Rate Decision,1,
2024-12-19T13:30:00.000Z,USD,GDP Growth Rate QoQ Final,1,
2024-12-19T23:30:00.000Z,JPY,Inflation Rate YoY,1,
2024-12-20T07:00:00.000Z,GBP,Retail Sales MoM,1,
2024-12-20T13:30:00.000Z,USD,Core PCE Price Index MoM,1,
2024-12-20T13:30:00.000Z,USD,Personal Income MoM,1,
2024-12-20T13:30:00.000Z,USD,Personal Spending MoM,1,
2024-12-23T14:30:00.000Z,USD,Durable Goods Orders MoM,1,
2024-12-24T00:30:00.000Z,AUD,RBA Meeting Minutes,1,
2024-12-31T01:30:00.000Z,CNY,NBS Manufacturing PMI,1,
2025-01-02T01:45:00.000Z,CNY,Caixin Manufacturing PMI,1,
2025-01-03T08:55:00.000Z,EUR,Unemployment Change,1,
2025-01-03T15:00:00.000Z,USD,ISM Manufacturing PMI,1,
2025-01-06T13:00:00.000Z,EUR,Inflation Rate YoY Prel,1,
2025-01-07T07:45:00.000Z,EUR,Inflation Rate YoY Prel,1,
2025-01-07T09:00:00.000Z,EUR,Unemployment Rate,1,
2025-01-07T10:00:00.000Z,EUR,Inflation Rate YoY Flash,1,
2025-01-07T10:00:00.000Z,EUR,Inflation Rate YoY Prel,1,
2025-01-07T10:00:00.000Z,EUR,Unemployment Rate,1,
2025-01-07T13:30:00.000Z,CAD,Balance of Trade,1,
2025-01-07T15:00:00.000Z,USD,JOLTs Job Openings,1,
2025-01-07T15:00:00.000Z,CAD,Ivey PMI s.a,1,
2025-01-07T15:00:00.000Z,USD,ISM Services PMI,1,
2025-01-08T05:00:00.000Z,JPY,Consumer Confidence,1,
2025-01-08T19:00:00.000Z,USD,FOMC Minutes,1,
2025-01-09T00:30:00.000Z,AUD,Balance of Trade,1,
2025-01-09T01:30:00.000Z,CNY,Inflation Rate YoY,1,
2025-01-09T07:00:00.000Z,EUR,Balance of Trade,1,
2025-01-10T13:30:00.000Z,USD,Non Farm Payrolls,1,
2025-01-10T13:30:00.000Z,USD,Unemployment Rate,1,
2025-01-10T13:30:00.000Z,CAD,Unemployment Rate,1,
2025-01-10T15:00:00.000Z,USD,Michigan Consumer Sentiment Prel,1,
2025-01-13T03:00:00.000Z,CNY,Imports YoY,1,
2025-01-13T03:00:00.000Z,CNY,Exports YoY,1,
2025-01-13T03:00:00.000Z,CNY,Balance of Trade,1,
2025-01-13T23:30:00.000Z,AUD,Westpac Consumer Confidence Change,1,
2025-01-13T23:30:00.000Z,AUD,Westpac Consumer Confidence Index,1,
2025-01-14T13:30:00.000Z,USD,PPI MoM,1,
2025-01-15T07:00:00.000Z,GBP,Inflation Rate YoY,1,
2025-01-15T09:00:00.000Z,EUR,Full Year GDP Growth,1,
2025-01-15T13:30:00.000Z,USD,Core Inflation Rate MoM,1,
2025-01-15T13:30:00.000Z,USD,Inflation Rate MoM,1,
2025-01-15T13:30:00.000Z,USD,Inflation Rate YoY,1,
2025-01-15T13:30:00.000Z,USD,Core Inflation Rate YoY,1,
2025-01-16T00:30:00.000Z,AUD,Unemployment Rate,1,
2025-01-16T07:00:00.000Z,GBP,GDP YoY,1,
2025-01-16T07:00:00.000Z,GBP,GDP MoM,1,
2025-01-16T13:30:00.000Z,USD,Retail Sales MoM,1,
2025-01-17T02:00:00.000Z,CNY,Industrial Production YoY,1,
2025-01-17T02:00:00.000Z,CNY,GDP Growth Rate YoY,1,
2025-01-17T02:00:00.000Z,CNY,Retail Sales YoY,1,
2025-01-17T07:00:00.000Z,GBP,Retail Sales MoM,1,
2025-01-17T13:30:00.000Z,USD,Building Permits Prel,1,
2025-01-17T13:30:00.000Z,USD,Housing Starts,1,
2025-01-20T17:00:00.000Z,USD,Inauguration Day,1,
2025-01-21T07:00:00.000Z,GBP,Unemployment Rate,1,
2025-01-21T10:00:00.000Z,EUR,ZEW Economic Sentiment Index,1,
2025-01-21T13:30:00.000Z,CAD,Inflation Rate YoY,1,
2025-01-22T23:50:00.000Z,JPY,Balance of Trade,1,
2025-01-23T23:30:00.000Z,JPY,Inflation Rate YoY,1,
2025-01-24T00:01:00.000Z,GBP,Gfk Consumer Confidence,1,
2025-01-24T03:30:00.000Z,JPY,BoJ Interest Rate Decision,1,
2025-01-24T08:30:00.000Z,EUR,HCOB Manufacturing PMI Flash,1,
2025-01-24T09:30:00.000Z,GBP,S&P Global Manufacturing PMI Flash,1,
2025-01-24T09:30:00.000Z,GBP,S&P Global Services PMI Flash,1,
2025-01-24T15:00:00.000Z,USD,Existing Home Sales,1,
2025-01-27T01:30:00.000Z,CNY,NBS Manufacturing PMI,1,
2025-01-27T09:00:00.000Z,EUR,Ifo Business Climate,1,
2025-01-28T00:30:00.000Z,AUD,NAB Business Confidence,1,
2025-01-28T13:30:00.000Z,USD,Durable Goods Orders MoM,1,
2025-01-29T05:00:00.000Z,JPY,Consumer Confidence,1,
2025-01-29T07:00:00.000Z,EUR,GfK Consumer Confidence,1,
2025-01-29T08:00:00.000Z,EUR,GDP Growth Rate QoQ Flash,1,
2025-01-29T08:00:00.000Z,EUR,GDP Growth Rate YoY Flash,1,
2025-01-29T14:45:00.000Z,CAD,BoC Interest Rate Decision,1,
2025-01-29T14:45:00.000Z,CAD,BoC Monetary Policy Report,1,
2025-01-29T19:00:00.000Z,USD,Fed Interest Rate Decision,1,
2025-01-29T19:30:00.000Z,USD,Fed Press Conference,1,
2025-01-30T06:30:00.000Z,EUR,GDP Growth Rate QoQ Prel,1,
2025-01-30T09:00:00.000Z,EUR,GDP Growth Rate QoQ Flash,1,
2025-01-30T09:00:00.000Z,EUR,GDP Growth Rate YoY Flash,1,
2025-01-30T09:00:00.000Z,EUR,GDP Growth Rate QoQ Adv,1,
2025-01-30T09:00:00.000Z,EUR,GDP Growth Rate YoY Adv,1,
2025-01-30T10:00:00.000Z,EUR,GDP Growth Rate QoQ Flash,1,
2025-01-30T10:00:00.000Z,EUR,Unemployment Rate,1,
2025-01-30T10:00:00.000Z,EUR,Unemployment Rate,1,
2025-01-30T13:15:00.000Z,EUR,Deposit Facility Rate,1,
2025-01-30T13:15:00.000Z,EUR,ECB Interest Rate Decision,1,
2025-01-30T13:30:00.000Z,USD,GDP Growth Rate QoQ Adv,1,
2025-01-30T13:45:00.000Z,EUR,ECB Press Conference,1,
2025-01-31T07:45:00.000Z,EUR,Inflation Rate YoY Prel,1,
2025-01-31T08:55:00.000Z,EUR,Unemployment Change,1,
2025-01-31T13:00:00.000Z,EUR,Inflation Rate YoY Prel,1,
2025-01-31T13:30:00.000Z,USD,Core PCE Price Index MoM,1,
2025-01-31T13:30:00.000Z,USD,Personal Income MoM,1,
2025-01-31T13:30:00.000Z,USD,Personal Spending MoM,1,
2025-02-01T05:30:00.000Z,INR,India Union Budget 2025,1,
2025-02-03T01:45:00.000Z,CNY,Caixin Manufacturing PMI,1,
2025-02-03T10:00:00.000Z,EUR,Inflation Rate YoY Flash,1,
2025-02-03T10:00:00.000Z,EUR,Inflation Rate YoY Prel,1,
2025-02-03T15:00:00.000Z,USD,ISM Manufacturing PMI,1,
2025-02-04T15:00:00.000Z,USD,JOLTs Job Openings,1,
2025-02-05T13:30:00.000Z,CAD,Balance of Trade,1,
2025-02-05T15:00:00.000Z,USD,ISM Services PMI,1,
2025-02-06T00:30:00.000Z,AUD,Balance of Trade,1,
2025-02-06T12:00:00.000Z,GBP,BoE Interest Rate Decision,1,
2025-02-06T15:00:00.000Z,CAD,Ivey PMI s.a,1,
2025-02-07T04:30:00.000Z,INR,RBI Interest Rate Decision,1,
2025-02-07T07:00:00.000Z,EUR,Balance of Trade,1,
2025-02-07T13:30:00.000Z,USD,Unemployment Rate,1,
2025-02-07T13:30:00.000Z,USD,Non Farm Payrolls,1,
2025-02-07T13:30:00.000Z,CAD,Unemployment Rate,1,
2025-02-07T15:00:00.000Z,USD,Michigan Consumer Sentiment Prel,1,
2025-02-09T01:30:00.000Z,CNY,Inflation Rate YoY,1,
2025-02-10T23:30:00.000Z,AUD,Westpac Consumer Confidence Change,1,
2025-02-11T00:30:00.000Z,AUD,NAB Business Confidence,1,
2025-02-11T15:00:00.000Z,USD,Fed Chair Powell Testimony,1,
2025-02-12T13:30:00.000Z,USD,Inflation Rate MoM,1,
2025-02-12T13:30:00.000Z,USD,Core Inflation Rate MoM,1,
2025-02-12T13:30:00.000Z,USD,Inflation Rate YoY,1,
2025-02-12T13:30:00.000Z,USD,Core Inflation Rate YoY,1,
2025-02-12T15:00:00.000Z,USD,Fed Chair Powell Testimony,1,
2025-02-13T07:00:00.000Z,GBP,GDP YoY,1,
2025-02-13T07:00:00.000Z,GBP,GDP Growth Rate QoQ Prel,1,
2025-02-13T07:00:00.000Z,GBP,GDP Growth Rate YoY Prel,1,
2025-02-13T07:00:00.000Z,GBP,GDP MoM,1,
2025-02-13T13:30:00.000Z,USD,PPI MoM,1,
2025-02-14T13:30:00.000Z,USD,Retail Sales MoM,1,
2025-02-16T23:50:00.000Z,JPY,GDP Growth Rate QoQ Prel,1,
2025-02-18T03:30:00.000Z,AUD,RBA Interest Rate Decision,1,
2025-02-18T07:00:00.000Z,GBP,Unemployment Rate,1,
2025-02-18T10:00:00.000Z,EUR,ZEW Economic Sentiment Index,1,
2025-02-18T13:30:00.000Z,CAD,Inflation Rate YoY,1,
2025-02-18T23:50:00.000Z,JPY,Balance of Trade,1,
2025-02-19T07:00:00.000Z,GBP,Inflation Rate YoY,1,
2025-02-19T13:30:00.000Z,USD,Housing Starts,1,
2025-02-19T13:30:00.000Z,USD,Building Permits Prel,1,
2025-02-19T19:00:00.000Z,USD,FOMC Minutes,1,
2025-02-20T00:30:00.000Z,AUD,Unemployment Rate,1,
2025-02-20T23:30:00.000Z,JPY,Inflation Rate YoY,1,
2025-02-21T07:00:00.000Z,GBP,Retail Sales MoM,1,
2025-02-21T08:30:00.000Z,EUR,HCOB Manufacturing PMI Flash,1,
2025-02-21T09:30:00.000Z,GBP,S&P Global Services PMI Flash,1,
2025-02-21T09:30:00.000Z,GBP,S&P Global Manufacturing PMI Flash,1,
2025-02-21T15:00:00.000Z,USD,Existing Home Sales,1,
2025-02-23T00:00:00.000Z,EUR,Federal Election,1,
2025-02-24T09:00:00.000Z,EUR,Ifo Business Climate,1,
2025-02-26T07:00:00.000Z,EUR,GfK Consumer Confidence,1,
2025-02-27T13:30:00.000Z,USD,Durable Goods Orders MoM,1,
2025-02-27T13:30:00.000Z,USD,GDP Growth Rate QoQ 2nd Est,1,
2025-02-28T07:45:00.000Z,EUR,Inflation Rate YoY Prel,1,
2025-02-28T10:00:00.000Z,EUR,Inflation Rate YoY Prel,1,
2025-02-28T10:30:00.000Z,INR,GDP Growth Rate YoY,1,
2025-02-28T13:00:00.000Z,EUR,Inflation Rate YoY Prel,1,
2025-02-28T13:30:00.000Z,CAD,GDP Growth Rate QoQ,1,
2025-02-28T13:30:00.000Z,CAD,GDP Growth Rate Annualized,1,
2025-02-28T13:30:00.000Z,USD,Personal Income MoM,1,
2025-02-28T13:30:00.000Z,USD,Core PCE Price Index MoM,1,
2025-02-28T13:30:00.000Z,USD,Personal Spending MoM,1,
2025-03-01T01:30:00.000Z,CNY,NBS Manufacturing PMI,1,
2025-03-03T01:45:00.000Z,CNY,Caixin Manufacturing PMI,1,
2025-03-03T09:00:00.000Z,EUR,Full Year GDP Growth,1,
2025-03-03T09:00:00.000Z,EUR,Government Budget,1,
2025-03-03T10:00:00.000Z,EUR,Inflation Rate YoY Flash,1,
2025-03-03T15:00:00.000Z,USD,ISM Manufacturing PMI,1,
2025-03-04T00:30:00.000Z,AUD,RBA Meeting Minutes,1,
2025-03-04T05:00:00.000Z,JPY,Consumer Confidence,1,
2025-03-05T00:30:00.000Z,AUD,GDP Growth Rate QoQ,1,
2025-03-05T04:00:00.000Z,CNY,National People’s Congress,1,
2025-03-05T15:00:00.000Z,USD,ISM Services PMI,1,
2025-03-06T00:30:00.000Z,AUD,Balance of Trade,1,
2025-03-06T13:15:00.000Z,EUR,Deposit Facility Rate,1,
2025-03-06T13:15:00.000Z,EUR,ECB Interest Rate Decision,1,
2025-03-06T13:30:00.000Z,CAD,Balance of Trade,1,
2025-03-06T13:45:00.000Z,EUR,ECB Press Conference,1,
2025-03-06T15:00:00.000Z,CAD,Ivey PMI s.a,1,
2025-03-07T03:00:00.000Z,CNY,Balance of Trade,1,
2025-03-07T03:00:00.000Z,CNY,Exports YoY,1,
2025-03-07T03:00:00.000Z,CNY,Imports YoY,1,
2025-03-07T13:30:00.000Z,USD,Non Farm Payrolls,1,
2025-03-07T13:30:00.000Z,USD,Unemployment Rate,1,
2025-03-07T13:30:00.000Z,CAD,Unemployment Rate,1,
2025-03-07T17:30:00.000Z,USD,Fed Chair Powell Speech,1,
2025-03-09T01:30:00.000Z,CNY,Inflation Rate YoY,1,
2025-03-10T07:00:00.000Z,EUR,Balance of Trade,1,
2025-03-10T23:30:00.000Z,AUD,Westpac Consumer Confidence Change,1,
2025-03-11T00:30:00.000Z,AUD,NAB Business Confidence,1,
2025-03-11T14:00:00.000Z,USD,JOLTs Job Openings,1,
2025-03-12T12:30:00.000Z,USD,Inflation Rate MoM,1,
2025-03-12T12:30:00.000Z,USD,Inflation Rate YoY,1,
2025-03-12T12:30:00.000Z,USD,Core Inflation Rate MoM,1,
2025-03-12T12:30:00.000Z,USD,Core Inflation Rate YoY,1,
2025-03-12T13:45:00.000Z,CAD,BoC Interest Rate Decision,1,
2025-03-13T12:30:00.000Z,USD,PPI MoM,1,
2025-03-14T07:00:00.000Z,GBP,GDP MoM,1,
2025-03-14T14:00:00.000Z,USD,Michigan Consumer Sentiment Prel,1,
2025-03-17T02:00:00.000Z,CNY,Industrial Production YoY,1,
2025-03-17T02:00:00.000Z,CNY,Retail Sales YoY,1,
2025-03-17T12:30:00.000Z,USD,Retail Sales MoM,1,
2025-03-18T10:00:00.000Z,EUR,ZEW Economic Sentiment Index,1,
2025-03-18T12:30:00.000Z,CAD,Inflation Rate YoY,1,
2025-03-18T12:30:00.000Z,USD,Housing Starts,1,
2025-03-18T12:30:00.000Z,USD,Building Permits Prel,1,
2025-03-18T23:50:00.000Z,JPY,Balance of Trade,1,
2025-03-19T03:00:00.000Z,JPY,BoJ Interest Rate Decision,1,
2025-03-19T18:00:00.000Z,USD,Fed Interest Rate Decision,1,
2025-03-19T18:00:00.000Z,USD,FOMC Economic Projections,1,
2025-03-19T18:30:00.000Z,USD,Fed Press Conference,1,
2025-03-20T07:00:00.000Z,GBP,Unemployment Rate,1,
2025-03-20T12:00:00.000Z,GBP,BoE Interest Rate Decision,1,
2025-03-20T14:00:00.000Z,USD,Existing Home Sales,1,
2025-03-20T23:30:00.000Z,JPY,Inflation Rate YoY,1,
2025-03-24T08:30:00.000Z,EUR,HCOB Manufacturing PMI Flash,1,
2025-03-24T09:30:00.000Z,GBP,S&P Global Manufacturing PMI Flash,1,
2025-03-24T09:30:00.000Z,GBP,S&P Global Services PMI Flash,1,
2025-03-25T09:00:00.000Z,EUR,Ifo Business Climate,1,
2025-03-26T07:00:00.000Z,GBP,Inflation Rate YoY,1,
2025-03-26T12:30:00.000Z,USD,Durable Goods Orders MoM,1,
2025-03-27T12:30:00.000Z,USD,GDP Growth Rate QoQ Final,1,
2025-03-28T07:00:00.000Z,GBP,Retail Sales MoM,1,
2025-03-28T07:00:00.000Z,EUR,GfK Consumer Confidence,1,
2025-03-28T07:45:00.000Z,EUR,Inflation Rate YoY Prel,1,
2025-03-28T12:30:00.000Z,USD,Personal Income MoM,1,
2025-03-28T12:30:00.000Z,USD,Personal Spending MoM,1,
2025-03-28T12:30:00.000Z,USD,Core PCE Price Index MoM,1,
2025-03-31T01:30:00.000Z,CNY,NBS Manufacturing PMI,1,
2025-03-31T09:00:00.000Z,EUR,Inflation Rate YoY Prel,1,
2025-03-31T12:00:00.000Z,EUR,Inflation Rate YoY Prel,1,
2025-03-31T23:50:00.000Z,JPY,Tankan Large Manufacturers Index,1,
2025-04-01T01:45:00.000Z,CNY,Caixin Manufacturing PMI,1,
2025-04-01T04:30:00.000Z,AUD,RBA Interest Rate Decision,1,
2025-04-01T09:00:00.000Z,EUR,Inflation Rate YoY Flash,1,
2025-04-01T14:00:00.000Z,USD,ISM Manufacturing PMI,1,
2025-04-01T14:00:00.000Z,USD,JOLTs Job Openings,1,
2025-04-02T20:00:00.000Z,USD,Reciprocal Tariff Plan Announcement,1,
2025-04-03T00:30:00.000Z,AUD,Balance of Trade,1,
2025-04-03T12:30:00.000Z,CAD,Balance of Trade,1,
2025-04-03T14:00:00.000Z,USD,ISM Services PMI,1,
2025-04-04T12:30:00.000Z,USD,Unemployment Rate,1,
2025-04-04T12:30:00.000Z,USD,Non Farm Payrolls,1,
2025-04-04T12:30:00.000Z,CAD,Unemployment Rate,1,
2025-04-04T15:25:00.000Z,USD,Fed Chair Powell Speech,1,
2025-04-07T06:00:00.000Z,EUR,Balance of Trade,1,
2025-04-08T00:30:00.000Z,AUD,Westpac Consumer Confidence Change,1,
2025-04-08T01:30:00.000Z,AUD,NAB Business Confidence,1,
2025-04-08T14:00:00.000Z,CAD,Ivey PMI s.a,1,
2025-04-09T05:00:00.000Z,JPY,Consumer Confidence,1,
2025-04-09T18:00:00.000Z,USD,FOMC Minutes,1,
2025-04-10T01:30:00.000Z,CNY,Inflation Rate YoY,1,
2025-04-10T12:30:00.000Z,USD,Inflation Rate MoM,1,
2025-04-10T12:30:00.000Z,USD,Core Inflation Rate YoY,1,
2025-04-10T12:30:00.000Z,USD,Core Inflation Rate MoM,1,
2025-04-10T12:30:00.000Z,USD,Inflation Rate YoY,1,
2025-04-11T06:00:00.000Z,GBP,GDP MoM,1,
2025-04-11T12:30:00.000Z,USD,PPI MoM,1,
2025-04-11T14:00:00.000Z,USD,Michigan Consumer Sentiment Prel,1,
2025-04-14T03:00:00.000Z,CNY,Exports YoY,1,
2025-04-14T03:00:00.000Z,CNY,Imports YoY,1,
2025-04-14T03:00:00.000Z,CNY,Balance of Trade,1,
2025-04-15T01:30:00.000Z,AUD,RBA Meeting Minutes,1,
2025-04-15T06:00:00.000Z,GBP,Unemployment Rate,1,
2025-04-15T09:00:00.000Z,EUR,ZEW Economic Sentiment Index,1,
2025-04-15T12:30:00.000Z,CAD,Inflation Rate YoY,1,
2025-04-16T02:00:00.000Z,CNY,Retail Sales YoY,1,
2025-04-16T02:00:00.000Z,CNY,Industrial Production YoY,1,
2025-04-16T02:00:00.000Z,CNY,GDP Growth Rate YoY,1,
2025-04-16T06:00:00.000Z,GBP,Inflation Rate YoY,1,
2025-04-16T12:30:00.000Z,USD,Retail Sales MoM,1,
2025-04-16T13:45:00.000Z,CAD,BoC Interest Rate Decision,1,
2025-04-16T13:45:00.000Z,CAD,BoC Monetary Policy Report,1,
2025-04-16T17:30:00.000Z,USD,Fed Chair Powell Speech,1,
2025-04-16T23:50:00.000Z,JPY,Balance of Trade,1,
2025-04-17T12:15:00.000Z,EUR,Deposit Facility Rate,1,
2025-04-17T12:15:00.000Z,EUR,ECB Interest Rate Decision,1,
2025-04-17T12:30:00.000Z,USD,Housing Starts,1,
2025-04-17T12:30:00.000Z,USD,Building Permits Prel,1,
2025-04-17T12:45:00.000Z,EUR,ECB Press Conference,1,
2025-04-17T23:30:00.000Z,JPY,Inflation Rate YoY,1,
2025-04-23T07:30:00.000Z,EUR,HCOB Manufacturing PMI Flash,1,
2025-04-23T08:30:00.000Z,GBP,S&P Global Manufacturing PMI Flash,1,
2025-04-23T08:30:00.000Z,GBP,S&P Global Services PMI Flash,1,
2025-04-24T08:00:00.000Z,EUR,Ifo Business Climate,1,
2025-04-24T12:30:00.000Z,USD,Durable Goods Orders MoM,1,
2025-04-24T14:00:00.000Z,USD,Existing Home Sales,1,
2025-04-25T06:00:00.000Z,GBP,Retail Sales MoM,1,
2025-04-29T06:00:00.000Z,EUR,GfK Consumer Confidence,1,
2025-04-29T07:00:00.000Z,EUR,GDP Growth Rate QoQ Flash,1,
2025-04-29T07:00:00.000Z,EUR,GDP Growth Rate YoY Flash,1,
2025-04-29T14:00:00.000Z,USD,JOLTs Job Openings,1,
2025-04-30T01:30:00.000Z,CNY,NBS Manufacturing PMI,1,
2025-04-30T01:45:00.000Z,CNY,Caixin Manufacturing PMI,1,
2025-04-30T05:30:00.000Z,EUR,GDP Growth Rate YoY Prel,1,
2025-04-30T05:30:00.000Z,EUR,GDP Growth Rate QoQ Prel,1,
2025-04-30T06:45:00.000Z,EUR,Inflation Rate YoY Prel,1,
2025-04-30T08:00:00.000Z,EUR,GDP Growth Rate YoY Flash,1,
2025-04-30T08:00:00.000Z,EUR,GDP Growth Rate QoQ Adv,1,
2025-04-30T08:00:00.000Z,EUR,GDP Growth Rate QoQ Flash,1,
2025-04-30T08:00:00.000Z,EUR,GDP Growth Rate YoY Adv,1,
2025-04-30T09:00:00.000Z,EUR,Inflation Rate YoY Prel,1,
2025-04-30T09:00:00.000Z,EUR,GDP Growth Rate YoY Flash,1,
2025-04-30T09:00:00.000Z,EUR,GDP Growth Rate QoQ Flash,1,
2025-04-30T12:00:00.000Z,EUR,Inflation Rate YoY Prel,1,
2025-04-30T12:30:00.000Z,USD,GDP Growth Rate QoQ Adv,1,
2025-04-30T14:00:00.000Z,USD,Core PCE Price Index MoM,1,
2025-04-30T14:00:00.000Z,USD,Personal Income MoM,1,
2025-04-30T14:00:00.000Z,USD,Personal Spending MoM,1,
2025-05-01T01:30:00.000Z,AUD,Balance of Trade,1,
2025-05-01T03:00:00.000Z,JPY,BoJ Interest Rate Decision,1,
2025-05-01T05:00:00.000Z,JPY,Consumer Confidence,1,
2025-05-01T14:00:00.000Z,USD,ISM Manufacturing PMI,1,
2025-05-02T09:00:00.000Z,EUR,Inflation Rate YoY Flash,1,
2025-05-02T12:30:00.000Z,USD,Non Farm Payrolls,1,
2025-05-02T12:30:00.000Z,USD,Unemployment Rate,1,
2025-05-05T14:00:00.000Z,USD,ISM Services PMI,1,
2025-05-06T12:30:00.000Z,CAD,Balance of Trade,1,
2025-05-06T14:00:00.000Z,CAD,Ivey PMI s.a,1,
2025-05-07T18:00:00.000Z,USD,Fed Interest Rate Decision,1,
2025-05-07T18:30:00.000Z,USD,Fed Press Conference,1,
2025-05-08T06:00:00.000Z,EUR,Balance of Trade,1,
2025-05-08T11:02:00.000Z,GBP,BoE Interest Rate Decision,1,
2025-05-09T03:00:00.000Z,CNY,Exports YoY,1,
2025-05-09T03:00:00.000Z,CNY,Balance of Trade,1,
2025-05-09T03:00:00.000Z,CNY,Imports YoY,1,
2025-05-09T12:30:00.000Z,CAD,Unemployment Rate,1,
2025-05-10T01:30:00.000Z,CNY,Inflation Rate YoY,1,
2025-05-13T00:30:00.000Z,AUD,Westpac Consumer Confidence Change,1,
2025-05-13T01:30:00.000Z,AUD,NAB Business Confidence,1,
2025-05-13T06:00:00.000Z,GBP,Unemployment Rate,1,
2025-05-13T09:00:00.000Z,EUR,ZEW Economic Sentiment Index,1,
2025-05-13T12:30:00.000Z,USD,Core Inflation Rate YoY,1,
2025-05-13T12:30:00.000Z,USD,Inflation Rate MoM,1,
2025-05-13T12:30:00.000Z,USD,Core Inflation Rate MoM,1,
2025-05-13T12:30:00.000Z,USD,Inflation Rate YoY,1,
2025-05-15T06:00:00.000Z,GBP,GDP Growth Rate QoQ Prel,1,
2025-05-15T06:00:00.000Z,GBP,GDP Growth Rate YoY Prel,1,
2025-05-15T06:00:00.000Z,GBP,GDP MoM,1,
2025-05-15T12:30:00.000Z,USD,PPI MoM,1,
2025-05-15T12:30:00.000Z,USD,Retail Sales MoM,1,
2025-05-15T23:50:00.000Z,JPY,GDP Growth Rate QoQ Prel,1,
2025-05-16T12:30:00.000Z,USD,Housing Starts,1,
2025-05-16T12:30:00.000Z,USD,Building Permits Prel,1,
2025-05-16T14:00:00.000Z,USD,Michigan Consumer Sentiment Prel,1,
2025-05-19T02:00:00.000Z,CNY,Retail Sales YoY,1,
2025-05-19T02:00:00.000Z,CNY,Industrial Production YoY,1,
2025-05-20T04:30:00.000Z,AUD,RBA Interest Rate Decision,1,
2025-05-20T12:30:00.000Z,CAD,Inflation Rate YoY,1,
2025-05-20T23:50:00.000Z,JPY,Balance of Trade,1,
2025-05-21T06:00:00.000Z,GBP,Inflation Rate YoY,1,
2025-05-22T07:30:00.000Z,EUR,HCOB Manufacturing PMI Flash,1,
2025-05-22T08:00:00.000Z,EUR,Ifo Business Climate,1,
2025-05-22T08:30:00.000Z,GBP,S&P Global Manufacturing PMI Flash,1,
2025-05-22T08:30:00.000Z,GBP,S&P Global Services PMI Flash,1,
2025-05-22T14:00:00.000Z,USD,Existing Home Sales,1,
2025-05-22T23:30:00.000Z,JPY,Inflation Rate YoY,1,
2025-05-23T06:00:00.000Z,GBP,Retail Sales MoM,1,
2025-05-27T06:00:00.000Z,EUR,GfK Consumer Confidence,1,
2025-05-27T06:45:00.000Z,EUR,Inflation Rate YoY Prel,1,
2025-05-27T12:30:00.000Z,USD,Durable Goods Orders MoM,1,
2025-05-28T18:00:00.000Z,USD,FOMC Minutes,1,
2025-05-29T05:00:00.000Z,JPY,Consumer Confidence,1,
2025-05-29T12:30:00.000Z,USD,GDP Growth Rate QoQ 2nd Est,1,
2025-05-30T09:00:00.000Z,EUR,Inflation Rate YoY Prel,1,
2025-05-30T10:30:00.000Z,INR,GDP Growth Rate YoY,1,
2025-05-30T12:00:00.000Z,EUR,Inflation Rate YoY Prel,1,
2025-05-30T12:30:00.000Z,USD,Core PCE Price Index MoM,1,
2025-05-30T12:30:00.000Z,USD,Personal Spending MoM,1,
2025-05-30T12:30:00.000Z,CAD,GDP Growth Rate Annualized,1,
2025-05-30T12:30:00.000Z,USD,Personal Income MoM,1,
2025-05-30T12:30:00.000Z,CAD,GDP Growth Rate QoQ,1,
2025-05-31T01:30:00.000Z,CNY,NBS Manufacturing PMI,1,
2025-06-02T14:00:00.000Z,USD,ISM Manufacturing PMI,1,
2025-06-02T17:00:00.000Z,USD,Fed Chair Powell Speech,1,
2025-06-03T01:30:00.000Z,AUD,RBA Meeting Minutes,1,
2025-06-03T01:45:00.000Z,CNY,Caixin Manufacturing PMI,1,
2025-06-03T09:00:00.000Z,EUR,Inflation Rate YoY Flash,1,
2025-06-03T14:00:00.000Z,USD,JOLTs Job Openings,1,
2025-06-04T01:30:00.000Z,AUD,GDP Growth Rate QoQ,1,
2025-06-04T13:45:00.000Z,CAD,BoC Interest Rate Decision,1,
2025-06-04T14:00:00.000Z,USD,ISM Services PMI,1,
2025-06-05T01:30:00.000Z,AUD,Balance of Trade,1,
2025-06-05T12:15:00.000Z,EUR,Deposit Facility Rate,1,
2025-06-05T12:15:00.000Z,EUR,ECB Interest Rate Decision,1,
2025-06-05T12:30:00.000Z,CAD,Balance of Trade,1,
2025-06-05T12:45:00.000Z,EUR,ECB Press Conference,1,
2025-06-05T14:00:00.000Z,CAD,Ivey PMI s.a,1,
2025-06-06T06:00:00.000Z,EUR,Balance of Trade,1,
2025-06-06T12:30:00.000Z,USD,Unemployment Rate,1,
2025-06-06T12:30:00.000Z,USD,Non Farm Payrolls,1,
2025-06-06T12:30:00.000Z,CAD,Unemployment Rate,1,
2025-06-09T01:30:00.000Z,CNY,Inflation Rate YoY,1,
2025-06-09T03:00:00.000Z,CNY,Balance of Trade,1,
2025-06-09T03:00:00.000Z,CNY,Exports YoY,1,
2025-06-09T03:00:00.000Z,CNY,Imports YoY,1,
2025-06-10T00:30:00.000Z,AUD,Westpac Consumer Confidence Change,1,
2025-06-10T01:30:00.000Z,AUD,NAB Business Confidence,1,
2025-06-10T06:00:00.000Z,GBP,Unemployment Rate,1,
2025-06-11T12:30:00.000Z,USD,Inflation Rate YoY,1,
2025-06-11T12:30:00.000Z,USD,Core Inflation Rate MoM,1,
2025-06-11T12:30:00.000Z,USD,Inflation Rate MoM,1,
2025-06-11T12:30:00.000Z,USD,Core Inflation Rate YoY,1,
2025-06-12T06:00:00.000Z,GBP,GDP MoM,1,
2025-06-12T12:30:00.000Z,USD,PPI MoM,1,
2025-06-13T14:00:00.000Z,USD,Michigan Consumer Sentiment Prel,1,
2025-06-16T02:00:00.000Z,CNY,Retail Sales YoY,1,
2025-06-16T02:00:00.000Z,CNY,Industrial Production YoY,1,
2025-06-17T03:00:00.000Z,JPY,BoJ Interest Rate Decision,1,
2025-06-17T09:00:00.000Z,EUR,ZEW Economic Sentiment Index,1,
2025-06-17T12:30:00.000Z,USD,Retail Sales MoM,1,
2025-06-17T23:50:00.000Z,JPY,Balance of Trade,1,
2025-06-18T06:00:00.000Z,GBP,Inflation Rate YoY,1,
2025-06-18T12:30:00.000Z,USD,Housing Starts,1,
2025-06-18T12:30:00.000Z,USD,Building Permits Prel,1,
2025-06-18T18:00:00.000Z,USD,Fed Interest Rate Decision,1,
2025-06-18T18:00:00.000Z,USD,FOMC Economic Projections,1,
2025-06-18T18:30:00.000Z,USD,Fed Press Conference,1,
2025-06-19T11:00:00.000Z,GBP,BoE Interest Rate Decision,1,
2025-06-19T23:30:00.000Z,JPY,Inflation Rate YoY,1,
2025-06-20T06:00:00.000Z,GBP,Retail Sales MoM,1,
2025-06-23T07:30:00.000Z,EUR,HCOB Manufacturing PMI Flash,1,
2025-06-23T08:30:00.000Z,GBP,S&P Global Services PMI Flash,1,
2025-06-23T08:30:00.000Z,GBP,S&P Global Manufacturing PMI Flash,1,
2025-06-23T14:00:00.000Z,USD,Existing Home Sales,1,
2025-06-24T08:00:00.000Z,EUR,Ifo Business Climate,1,
2025-06-24T12:30:00.000Z,CAD,Inflation Rate YoY,1,
2025-06-24T14:00:00.000Z,USD,Fed Chair Powell Testimony,1,
2025-06-25T14:00:00.000Z,USD,Fed Chair Powell Testimony,1,
2025-06-26T06:00:00.000Z,EUR,GfK Consumer Confidence,1,
2025-06-26T12:30:00.000Z,USD,GDP Growth Rate QoQ Final,1,
2025-06-26T12:30:00.000Z,USD,Durable Goods Orders MoM,1,
2025-06-27T06:45:00.000Z,EUR,Inflation Rate YoY Prel,1,
2025-06-27T12:30:00.000Z,USD,Core PCE Price Index MoM,1,
2025-06-27T12:30:00.000Z,USD,Personal Income MoM,1,
2025-06-27T12:30:00.000Z,USD,Personal Spending MoM,1,
2025-06-30T01:30:00.000Z,CNY,NBS Manufacturing PMI,1,
2025-06-30T09:00:00.000Z,EUR,Inflation Rate YoY Prel,1,
2025-06-30T12:00:00.000Z,EUR,Inflation Rate YoY Prel,1,
2025-06-30T23:50:00.000Z,JPY,Tankan Large Manufacturers Index,1,
2025-07-01T01:45:00.000Z,CNY,Caixin Manufacturing PMI,1,
2025-07-01T05:00:00.000Z,JPY,Consumer Confidence,1,
2025-07-01T09:00:00.000Z,EUR,Inflation Rate YoY Flash,1,
2025-07-01T14:00:00.000Z,USD,ISM Manufacturing PMI,1,
2025-07-01T14:00:00.000Z,USD,JOLTs Job Openings,1,
2025-07-03T01:30:00.000Z,AUD,Balance of Trade,1,
2025-07-03T12:30:00.000Z,USD,Non Farm Payrolls,1,
2025-07-03T12:30:00.000Z,USD,Unemployment Rate,1,
2025-07-03T12:30:00.000Z,CAD,Balance of Trade,1,
2025-07-03T14:00:00.000Z,USD,ISM Services PMI,1,
2025-07-08T01:30:00.000Z,AUD,NAB Business Confidence,1,
2025-07-08T04:30:00.000Z,AUD,RBA Interest Rate Decision,1,
2025-07-08T06:00:00.000Z,EUR,Balance of Trade,1,
2025-07-08T14:00:00.000Z,CAD,Ivey PMI s.a,1,
2025-07-09T01:30:00.000Z,CNY,Inflation Rate YoY,1,
2025-07-09T18:00:00.000Z,USD,FOMC Minutes,1,
2025-07-11T06:00:00.000Z,GBP,GDP MoM,1,
2025-07-11T12:30:00.000Z,CAD,Unemployment Rate,1,
2025-07-14T03:00:00.000Z,CNY,Imports YoY,1,
2025-07-14T03:00:00.000Z,CNY,Balance of Trade,1,
2025-07-14T03:00:00.000Z,CNY,Exports YoY,1,
2025-07-15T00:30:00.000Z,AUD,Westpac Consumer Confidence Change,1,
2025-07-15T02:00:00.000Z,CNY,GDP Growth Rate YoY,1,
2025-07-15T02:00:00.000Z,CNY,Retail Sales YoY,1,
2025-07-15T02:00:00.000Z,CNY,Industrial Production YoY,1,
2025-07-15T09:00:00.000Z,EUR,ZEW Economic Sentiment Index,1,
2025-07-15T12:30:00.000Z,USD,Inflation Rate MoM,1,
2025-07-15T12:30:00.000Z,USD,Inflation Rate YoY,1,
2025-07-15T12:30:00.000Z,USD,Core Inflation Rate YoY,1,
2025-07-15T12:30:00.000Z,USD,Core Inflation Rate MoM,1,
2025-07-15T12:30:00.000Z,CAD,Inflation Rate YoY,1,
2025-07-16T06:00:00.000Z,GBP,Inflation Rate YoY,1,
2025-07-16T12:30:00.000Z,USD,PPI MoM,1,
2025-07-16T23:50:00.000Z,JPY,Balance of Trade,1,
2025-07-17T06:00:00.000Z,GBP,Unemployment Rate,1,
2025-07-17T12:30:00.000Z,USD,Retail Sales MoM,1,
2025-07-17T23:30:00.000Z,JPY,Inflation Rate YoY,1,
2025-07-18T12:30:00.000Z,USD,Housing Starts,1,
2025-07-18T12:30:00.000Z,USD,Building Permits Prel,1,
2025-07-18T14:00:00.000Z,USD,Michigan Consumer Sentiment Prel,1,
2025-07-22T01:30:00.000Z,AUD,RBA Meeting Minutes,1,
2025-07-22T12:30:00.000Z,USD,Fed Chair Powell Speech,1,
2025-07-23T14:00:00.000Z,USD,Existing Home Sales,1,
2025-07-24T06:00:00.000Z,EUR,GfK Consumer Confidence,1,
2025-07-24T07:30:00.000Z,EUR,HCOB Manufacturing PMI Flash,1,
2025-07-24T08:30:00.000Z,GBP,S&P Global Manufacturing PMI Flash,1,
2025-07-24T08:30:00.000Z,GBP,S&P Global Services PMI Flash,1,
2025-07-24T12:15:00.000Z,EUR,Deposit Facility Rate,1,
2025-07-24T12:15:00.000Z,EUR,ECB Interest Rate Decision,1,
2025-07-24T12:45:00.000Z,EUR,ECB Press Conference,1,
2025-07-25T06:00:00.000Z,GBP,Retail Sales MoM,1,
2025-07-25T08:00:00.000Z,EUR,Ifo Business Climate,1,
2025-07-25T12:30:00.000Z,USD,Durable Goods Orders MoM,1,
2025-07-29T07:00:00.000Z,EUR,GDP Growth Rate QoQ Flash,1,
2025-07-29T07:00:00.000Z,EUR,GDP Growth Rate YoY Flash,1,
2025-07-29T14:00:00.000Z,USD,JOLTs Job Openings,1,
2025-07-30T05:30:00.000Z,EUR,GDP Growth Rate QoQ Prel,1,
2025-07-30T05:30:00.000Z,EUR,GDP Growth Rate YoY Prel,1,
2025-07-30T08:00:00.000Z,EUR,GDP Growth Rate YoY Adv,1,
2025-07-30T08:00:00.000Z,EUR,GDP Growth Rate QoQ Adv,1,
2025-07-30T08:00:00.000Z,EUR,GDP Growth Rate YoY Flash,1,
2025-07-30T08:00:00.000Z,EUR,GDP Growth Rate QoQ Flash,1,
2025-07-30T09:00:00.000Z,EUR,GDP Growth Rate YoY Flash,1,
2025-07-30T09:00:00.000Z,EUR,GDP Growth Rate QoQ Flash,1,
2025-07-30T12:30:00.000Z,USD,GDP Growth Rate QoQ Adv,1,
2025-07-30T13:45:00.000Z,CAD,BoC Interest Rate Decision,1,
2025-07-30T13:45:00.000Z,CAD,BoC Monetary Policy Report,1,
2025-07-30T18:00:00.000Z,USD,Fed Interest Rate Decision,1,
2025-07-30T18:30:00.000Z,USD,Fed Press Conference,1,
2025-07-31T01:30:00.000Z,CNY,NBS Manufacturing PMI,1,
2025-07-31T03:00:00.000Z,JPY,BoJ Interest Rate Decision,1,
2025-07-31T05:00:00.000Z,JPY,Consumer Confidence,1,
2025-07-31T06:45:00.000Z,EUR,Inflation Rate YoY Prel,1,
2025-07-31T09:00:00.000Z,EUR,Inflation Rate YoY Prel,1,
2025-07-31T12:00:00.000Z,EUR,Inflation Rate YoY Prel,1,
2025-07-31T12:30:00.000Z,USD,Personal Income MoM,1,
2025-07-31T12:30:00.000Z,USD,Core PCE Price Index MoM,1,
2025-07-31T12:30:00.000Z,USD,Personal Spending MoM,1,
2025-08-01T01:45:00.000Z,CNY,Caixin Manufacturing PMI,1,
2025-08-01T09:00:00.000Z,EUR,Inflation Rate YoY Flash,1,
2025-08-01T12:30:00.000Z,USD,Unemployment Rate,1,
2025-08-01T12:30:00.000Z,USD,Non Farm Payrolls,1,
2025-08-01T14:00:00.000Z,USD,ISM Manufacturing PMI,1,
2025-08-05T12:30:00.000Z,CAD,Balance of Trade,1,
2025-08-05T14:00:00.000Z,USD,ISM Services PMI,1,
2025-08-07T01:30:00.000Z,AUD,Balance of Trade,1,
2025-08-07T03:00:00.000Z,CNY,Exports YoY,1,
2025-08-07T03:00:00.000Z,CNY,Balance of Trade,1,
2025-08-07T03:00:00.000Z,CNY,Imports YoY,1,
2025-08-07T06:00:00.000Z,EUR,Balance of Trade,1,
2025-08-07T11:00:00.000Z,GBP,BoE Interest Rate Decision,1,
2025-08-07T14:00:00.000Z,CAD,Ivey PMI s.a,1,
2025-08-08T12:30:00.000Z,CAD,Unemployment Rate,1,
2025-08-09T01:30:00.000Z,CNY,Inflation Rate YoY,1,
2025-08-12T01:30:00.000Z,AUD,NAB Business Confidence,1,
2025-08-12T04:30:00.000Z,AUD,RBA Interest Rate Decision,1,
2025-08-12T06:00:00.000Z,GBP,Unemployment Rate,1,
2025-08-12T09:00:00.000Z,EUR,ZEW Economic Sentiment Index,1,
2025-08-12T12:30:00.000Z,USD,Inflation Rate YoY,1,
2025-08-12T12:30:00.000Z,USD,Core Inflation Rate MoM,1,
2025-08-12T12:30:00.000Z,USD,Inflation Rate MoM,1,
2025-08-12T12:30:00.000Z,USD,Core Inflation Rate YoY,1,
2025-08-14T06:00:00.000Z,GBP,GDP MoM,1,
2025-08-14T06:00:00.000Z,GBP,GDP Growth Rate QoQ Prel,1,
2025-08-14T06:00:00.000Z,GBP,GDP Growth Rate YoY Prel,1,
2025-08-14T12:30:00.000Z,USD,PPI MoM,1,
2025-08-14T23:50:00.000Z,JPY,GDP Growth Rate QoQ Prel,1,
2025-08-15T02:00:00.000Z,CNY,Retail Sales YoY,1,
2025-08-15T02:00:00.000Z,CNY,Industrial Production YoY,1,
2025-08-15T12:30:00.000Z,USD,Retail Sales MoM,1,
2025-08-15T14:00:00.000Z,USD,Michigan Consumer Sentiment Prel,1,
2025-08-19T00:30:00.000Z,AUD,Westpac Consumer Confidence Change,1,
2025-08-19T12:30:00.000Z,USD,Building Permits Prel,1,
2025-08-19T12:30:00.000Z,USD,Housing Starts,1,
2025-08-19T12:30:00.000Z,CAD,Inflation Rate YoY,1,
2025-08-19T23:50:00.000Z,JPY,Balance of Trade,1,
2025-08-20T06:00:00.000Z,GBP,Inflation Rate YoY,1,
2025-08-20T18:00:00.000Z,USD,FOMC Minutes,1,
2025-08-21T07:30:00.000Z,EUR,HCOB Manufacturing PMI Flash,1,
2025-08-21T08:30:00.000Z,GBP,S&P Global Services PMI Flash,1,
2025-08-21T08:30:00.000Z,GBP,S&P Global Manufacturing PMI Flash,1,
2025-08-21T14:00:00.000Z,USD,Existing Home Sales,1,
2025-08-21T23:30:00.000Z,JPY,Inflation Rate YoY,1,
2025-08-22T14:00:00.000Z,USD,Fed Chair Powell Speech,1,
2025-08-25T08:00:00.000Z,EUR,Ifo Business Climate,1,
2025-08-26T01:30:00.000Z,AUD,RBA Meeting Minutes,1,
2025-08-26T12:30:00.000Z,USD,Durable Goods Orders MoM,1,
2025-08-27T06:00:00.000Z,EUR,GfK Consumer Confidence,1,
2025-08-28T12:30:00.000Z,USD,GDP Growth Rate QoQ 2nd Est,1,
2025-08-29T05:00:00.000Z,JPY,Consumer Confidence,1,
2025-08-29T06:45:00.000Z,EUR,Inflation Rate YoY Prel,1,
2025-08-29T09:00:00.000Z,EUR,Inflation Rate YoY Prel,1,
2025-08-29T10:30:00.000Z,INR,GDP Growth Rate YoY,1,
2025-08-29T12:00:00.000Z,EUR,Inflation Rate YoY Prel,1,
2025-08-29T12:30:00.000Z,USD,Core PCE Price Index MoM,1,
2025-08-29T12:30:00.000Z,USD,Personal Spending MoM,1,
2025-08-29T12:30:00.000Z,CAD,GDP Growth Rate Annualized,1,
2025-08-29T12:30:00.000Z,USD,Personal Income MoM,1,
2025-08-29T12:30:00.000Z,CAD,GDP Growth Rate QoQ,1,
2025-08-31T01:30:00.000Z,CNY,NBS Manufacturing PMI,1,
2025-09-01T01:45:00.000Z,CNY,RatingDog Manufacturing PMI,1,
2025-09-02T09:00:00.000Z,EUR,Inflation Rate YoY Flash,1,
2025-09-02T14:00:00.000Z,USD,ISM Manufacturing PMI,1,
2025-09-03T01:30:00.000Z,AUD,GDP Growth Rate QoQ,1,
2025-09-03T14:00:00.000Z,USD,JOLTs Job Openings,1,
2025-09-04T01:30:00.000Z,AUD,Balance of Trade,1,
2025-09-04T14:00:00.000Z,USD,ISM Services PMI,1,
2025-09-05T06:00:00.000Z,GBP,Retail Sales MoM,1,
2025-09-05T12:30:00.000Z,USD,Non Farm Payrolls,1,
2025-09-05T12:30:00.000Z,USD,Unemployment Rate,1,
2025-09-05T12:30:00.000Z,CAD,Unemployment Rate,1,
2025-09-05T14:00:00.000Z,CAD,Ivey PMI s.a,1,
2025-09-08T03:00:00.000Z,CNY,Exports YoY,1,
2025-09-08T03:00:00.000Z,CNY,Balance of Trade,1,
2025-09-08T03:00:00.000Z,CNY,Imports YoY,1,
2025-09-08T06:00:00.000Z,EUR,Balance of Trade,1,
2025-09-09T00:30:00.000Z,AUD,Westpac Consumer Confidence Change,1,
2025-09-09T01:30:00.000Z,AUD,NAB Business Confidence,1,
2025-09-09T14:00:00.000Z,USD,Non Farm Payrolls Annual Revision,1,
2025-09-10T01:30:00.000Z,CNY,Inflation Rate YoY,1,
2025-09-10T12:30:00.000Z,USD,PPI MoM,1,
2025-09-11T12:15:00.000Z,EUR,Deposit Facility Rate,1,
2025-09-11T12:15:00.000Z,EUR,ECB Interest Rate Decision,1,
2025-09-11T12:30:00.000Z,USD,Core Inflation Rate MoM,1,
2025-09-11T12:30:00.000Z,USD,Inflation Rate MoM,1,
2025-09-11T12:30:00.000Z,USD,Inflation Rate YoY,1,
2025-09-11T12:30:00.000Z,USD,Core Inflation Rate YoY,1,
2025-09-11T12:45:00.000Z,EUR,ECB Press Conference,1,
2025-09-12T06:00:00.000Z,GBP,GDP MoM,1,
2025-09-12T14:00:00.000Z,USD,Michigan Consumer Sentiment Prel,1,
2025-09-15T02:00:00.000Z,CNY,Retail Sales YoY,1,
2025-09-15T02:00:00.000Z,CNY,Industrial Production YoY,1,
2025-09-16T06:00:00.000Z,GBP,Unemployment Rate,1,
2025-09-16T09:00:00.000Z,EUR,ZEW Economic Sentiment Index,1,
2025-09-16T12:30:00.000Z,CAD,Inflation Rate YoY,1,
2025-09-16T12:30:00.000Z,USD,Retail Sales MoM,1,
2025-09-16T23:50:00.000Z,JPY,Balance of Trade,1,
2025-09-17T06:00:00.000Z,GBP,Inflation Rate YoY,1,
2025-09-17T12:30:00.000Z,USD,Housing Starts,1,
2025-09-17T12:30:00.000Z,USD,Building Permits Prel,1,
2025-09-17T13:45:00.000Z,CAD,BoC Interest Rate Decision,1,
2025-09-17T18:00:00.000Z,USD,Fed Interest Rate Decision,1,
2025-09-17T18:00:00.000Z,USD,FOMC Economic Projections,1,
2025-09-17T18:30:00.000Z,USD,Fed Press Conference,1,
2025-09-18T11:00:00.000Z,GBP,BoE Interest Rate Decision,1,
2025-09-18T23:30:00.000Z,JPY,Inflation Rate YoY,1,
2025-09-19T03:50:00.000Z,JPY,BoJ Interest Rate Decision,1,
2025-09-19T06:00:00.000Z,GBP,Retail Sales MoM,1,
2025-09-23T07:30:00.000Z,EUR,HCOB Manufacturing PMI Flash,1,
2025-09-23T08:30:00.000Z,GBP,S&P Global Manufacturing PMI Flash,1,
2025-09-23T08:30:00.000Z,GBP,S&P Global Services PMI Flash,1,
2025-09-23T16:35:00.000Z,USD,Fed Chair Powell Speech,1,
2025-09-24T08:00:00.000Z,EUR,Ifo Business Climate,1,
2025-09-25T06:00:00.000Z,EUR,GfK Consumer Confidence,1,
2025-09-25T12:30:00.000Z,USD,GDP Growth Rate QoQ Final,1,
2025-09-25T12:30:00.000Z,USD,Durable Goods Orders MoM,1,
2025-09-25T13:45:00.000Z,USD,Existing Home Sales,1,
2025-09-26T12:30:00.000Z,USD,Personal Spending MoM,1,
2025-09-26T12:30:00.000Z,USD,Core PCE Price Index MoM,1,
2025-09-26T12:30:00.000Z,USD,Personal Income MoM,1,
2025-09-30T01:30:00.000Z,CNY,NBS Manufacturing PMI,1,
2025-09-30T01:45:00.000Z,CNY,RatingDog Manufacturing PMI,1,
2025-09-30T04:30:00.000Z,AUD,RBA Interest Rate Decision,1,
2025-09-30T06:45:00.000Z,EUR,Inflation Rate YoY Prel,1,
2025-09-30T09:00:00.000Z,EUR,Inflation Rate YoY Prel,1,
2025-09-30T12:00:00.000Z,EUR,Inflation Rate YoY Prel,1,
2025-09-30T14:00:00.000Z,USD,JOLTs Job Openings,1,
2025-09-30T23:50:00.000Z,JPY,Tankan Large Manufacturers Index,1,
2025-10-01T09:00:00.000Z,EUR,Inflation Rate YoY Flash,1,
2025-10-01T14:00:00.000Z,USD,ISM Manufacturing PMI,1,
2025-10-02T01:30:00.000Z,AUD,Balance of Trade,1,
2025-10-02T05:00:00.000Z,JPY,Consumer Confidence,1,
2025-10-03T14:00:00.000Z,USD,ISM Services PMI,1,
2025-10-06T23:30:00.000Z,AUD,Westpac Consumer Confidence Change,1,
2025-10-07T14:00:00.000Z,CAD,Ivey PMI s.a,1,
2025-10-08T18:00:00.000Z,USD,FOMC Minutes,1,
2025-10-09T06:00:00.000Z,EUR,Balance of Trade,1,
2025-10-10T12:30:00.000Z,CAD,Unemployment Rate,1,
2025-10-10T14:00:00.000Z,USD,Michigan Consumer Sentiment Prel,1,
2025-10-13T03:00:00.000Z,CNY,Imports YoY,1,
2025-10-13T03:00:00.000Z,CNY,Balance of Trade,1,
2025-10-13T03:00:00.000Z,CNY,Exports YoY,1,
2025-10-14T00:30:00.000Z,AUD,NAB Business Confidence,1,
2025-10-14T00:30:00.000Z,AUD,RBA Meeting Minutes,1,
2025-10-14T06:00:00.000Z,GBP,Unemployment Rate,1,
2025-10-14T09:00:00.000Z,EUR,ZEW Economic Sentiment Index,1,
2025-10-14T16:20:00.000Z,USD,Fed Chair Powell Speech,1,
2025-10-15T01:30:00.000Z,CNY,Inflation Rate YoY,1,
2025-10-16T06:00:00.000Z,GBP,GDP MoM,1,
2025-10-20T02:00:00.000Z,CNY,Retail Sales YoY,1,
2025-10-20T02:00:00.000Z,CNY,Industrial Production YoY,1,
2025-10-20T02:00:00.000Z,CNY,GDP Growth Rate YoY,1,
2025-10-21T12:30:00.000Z,CAD,Inflation Rate YoY,1,
2025-10-21T23:50:00.000Z,JPY,Balance of Trade,1,
2025-10-22T06:00:00.000Z,GBP,Inflation Rate YoY,1,
2025-10-23T14:00:00.000Z,USD,Existing Home Sales,1,
2025-10-23T23:30:00.000Z,JPY,Inflation Rate YoY,1,
2025-10-24T06:00:00.000Z,GBP,Retail Sales MoM,1,
2025-10-24T07:30:00.000Z,EUR,HCOB Manufacturing PMI Flash,1,
2025-10-24T08:30:00.000Z,GBP,S&P Global Manufacturing PMI Flash,1,
2025-10-24T08:30:00.000Z,GBP,S&P Global Services PMI Flash,1,
2025-10-24T12:30:00.000Z,USD,Core Inflation Rate YoY,1,
2025-10-24T12:30:00.000Z,USD,Inflation Rate YoY,1,
2025-10-24T12:30:00.000Z,USD,Core Inflation Rate MoM,1,
2025-10-24T12:30:00.000Z,USD,Inflation Rate MoM,1,
2025-10-27T09:00:00.000Z,EUR,Ifo Business Climate,1,
2025-10-28T07:00:00.000Z,EUR,GfK Consumer Confidence,1,
2025-10-29T05:00:00.000Z,JPY,Consumer Confidence,1,
2025-10-29T08:00:00.000Z,EUR,GDP Growth Rate QoQ Flash,1,
2025-10-29T08:00:00.000Z,EUR,GDP Growth Rate YoY Flash,1,
2025-10-29T13:45:00.000Z,CAD,BoC Interest Rate Decision,1,
2025-10-29T13:45:00.000Z,CAD,BoC Monetary Policy Report,1,
2025-10-29T18:00:00.000Z,USD,Fed Interest Rate Decision,1,
2025-10-29T18:30:00.000Z,USD,Fed Press Conference,1,
2025-10-30T00:00:00.000Z,KRW,US President Trump-China President Xi Meeting,1,
2025-10-30T03:00:00.000Z,JPY,BoJ Interest Rate Decision,1,
2025-10-30T06:30:00.000Z,EUR,GDP Growth Rate YoY Prel,1,
2025-10-30T06:30:00.000Z,EUR,GDP Growth Rate QoQ Prel,1,
2025-10-30T09:00:00.000Z,EUR,GDP Growth Rate QoQ Flash,1,
2025-10-30T09:00:00.000Z,EUR,GDP Growth Rate YoY Flash,1,
2025-10-30T09:00:00.000Z,EUR,GDP Growth Rate YoY Adv,1,
2025-10-30T09:00:00.000Z,EUR,GDP Growth Rate QoQ Adv,1,
2025-10-30T10:00:00.000Z,EUR,GDP Growth Rate YoY Flash,1,
2025-10-30T10:00:00.000Z,EUR,GDP Growth Rate QoQ Flash,1,
2025-10-30T12:30:00.000Z,USD,GDP Growth Rate QoQ Adv,1,
2025-10-30T13:00:00.000Z,EUR,Inflation Rate YoY Prel,1,
2025-10-30T13:15:00.000Z,EUR,Deposit Facility Rate,1,
2025-10-30T13:15:00.000Z,EUR,ECB Interest Rate Decision,1,
2025-10-30T13:45:00.000Z,EUR,ECB Press Conference,1,
2025-10-31T01:30:00.000Z,CNY,NBS Manufacturing PMI,1,
2025-10-31T07:45:00.000Z,EUR,Inflation Rate YoY Prel,1,
2025-10-31T10:00:00.000Z,EUR,Inflation Rate YoY Prel,1,
2025-10-31T10:00:00.000Z,EUR,Inflation Rate YoY Flash,1,
2025-11-03T01:45:00.000Z,CNY,RatingDog Manufacturing PMI,1,
2025-11-03T15:00:00.000Z,USD,ISM Manufacturing PMI,1,
2025-11-04T03:30:00.000Z,AUD,RBA Interest Rate Decision,1,
2025-11-05T15:00:00.000Z,USD,ISM Services PMI,1,
2025-11-06T00:30:00.000Z,AUD,Balance of Trade,1,
2025-11-06T12:00:00.000Z,GBP,BoE Interest Rate Decision,1,
2025-11-06T15:00:00.000Z,CAD,Ivey PMI s.a,1,
2025-11-07T03:00:00.000Z,CNY,Imports YoY,1,
2025-11-07T03:00:00.000Z,CNY,Balance of Trade,1,
2025-11-07T03:00:00.000Z,CNY,Exports YoY,1,
2025-11-07T07:00:00.000Z,EUR,Balance of Trade,1,
2025-11-07T13:30:00.000Z,CAD,Unemployment Rate,1,
2025-11-07T15:00:00.000Z,USD,Michigan Consumer Sentiment Prel,1,
2025-11-09T01:30:00.000Z,CNY,Inflation Rate YoY,1,
2025-11-10T23:30:00.000Z,AUD,Westpac Consumer Confidence Change,1,
2025-11-11T00:30:00.000Z,AUD,NAB Business Confidence,1,
2025-11-11T07:00:00.000Z,GBP,Unemployment Rate,1,
2025-11-11T10:00:00.000Z,EUR,ZEW Economic Sentiment Index,1,
2025-11-13T07:00:00.000Z,GBP,GDP MoM,1,
2025-11-13T07:00:00.000Z,GBP,GDP Growth Rate QoQ Prel,1,
2025-11-13T07:00:00.000Z,GBP,GDP Growth Rate YoY Prel,1,
2025-11-14T02:00:00.000Z,CNY,Retail Sales YoY,1,
2025-11-14T02:00:00.000Z,CNY,Industrial Production YoY,1,
2025-11-16T23:50:00.000Z,JPY,GDP Growth Rate QoQ Prel,1,
2025-11-17T13:30:00.000Z,CAD,Inflation Rate YoY,1,
2025-11-18T00:30:00.000Z,AUD,RBA Meeting Minutes,1,
2025-11-19T07:00:00.000Z,GBP,Inflation Rate YoY,1,
2025-11-19T19:00:00.000Z,USD,FOMC Minutes,1,
2025-11-20T13:30:00.000Z,USD,Unemployment Rate,1,
2025-11-20T13:30:00.000Z,USD,Non Farm Payrolls,1,
2025-11-20T15:00:00.000Z,USD,Existing Home Sales,1,
2025-11-20T23:30:00.000Z,JPY,Inflation Rate YoY,1,
2025-11-20T23:50:00.000Z,JPY,Balance of Trade,1,
2025-11-21T07:00:00.000Z,GBP,Retail Sales MoM,1,
2025-11-21T08:30:00.000Z,EUR,HCOB Manufacturing PMI Flash,1,
2025-11-21T09:30:00.000Z,GBP,S&P Global Manufacturing PMI Flash,1,
2025-11-21T09:30:00.000Z,GBP,S&P Global Services PMI Flash,1,
2025-11-24T09:00:00.000Z,EUR,Ifo Business Climate,1,
2025-11-25T13:30:00.000Z,USD,PPI MoM,1,
2025-11-25T13:30:00.000Z,USD,Retail Sales MoM,1,
2025-11-26T12:30:00.000Z,GBP,Autumn Budget 2025,1,
2025-11-26T13:30:00.000Z,USD,Durable Goods Orders MoM,1,
2025-11-27T07:00:00.000Z,EUR,GfK Consumer Confidence,1,
2025-11-28T07:45:00.000Z,EUR,Inflation Rate YoY Prel,1,
2025-11-28T10:00:00.000Z,EUR,Inflation Rate YoY Prel,1,
2025-11-28T10:30:00.000Z,INR,GDP Growth Rate YoY,1,
2025-11-28T13:00:00.000Z,EUR,Inflation Rate YoY Prel,1,
2025-11-28T13:30:00.000Z,CAD,GDP Growth Rate QoQ,1,
2025-11-28T13:30:00.000Z,CAD,GDP Growth Rate Annualized,1,
2025-11-30T01:30:00.000Z,CNY,NBS Manufacturing PMI,1,
2025-12-01T01:45:00.000Z,CNY,RatingDog Manufacturing PMI,1,
2025-12-01T15:00:00.000Z,USD,ISM Manufacturing PMI,1,
2025-12-02T05:00:00.000Z,JPY,Consumer Confidence,1,
2025-12-02T10:00:00.000Z,EUR,Inflation Rate YoY Flash,1,
2025-12-03T00:30:00.000Z,AUD,GDP Growth Rate QoQ,1,
2025-12-03T15:00:00.000Z,USD,ISM Services PMI,1,
2025-12-04T00:30:00.000Z,AUD,Balance of Trade,1,
2025-12-04T15:00:00.000Z,CAD,Ivey PMI s.a,1,
2025-12-05T13:30:00.000Z,CAD,Unemployment Rate,1,
2025-12-05T15:00:00.000Z,USD,Michigan Consumer Sentiment Prel,1,
2025-12-05T15:00:00.000Z,USD,Core PCE Price Index MoM,1,
2025-12-05T15:00:00.000Z,USD,Personal Income MoM,1,
2025-12-05T15:00:00.000Z,USD,Personal Spending MoM,1,
2025-12-08T03:00:00.000Z,CNY,Balance of Trade,1,
2025-12-08T03:00:00.000Z,CNY,Exports YoY,1,
2025-12-08T03:00:00.000Z,CNY,Imports YoY,1,
2025-12-09T00:30:00.000Z,AUD,NAB Business Confidence,1,
2025-12-09T03:30:00.000Z,AUD,RBA Interest Rate Decision,1,
2025-12-09T07:00:00.000Z,EUR,Balance of Trade,1,
2025-12-09T15:00:00.000Z,USD,JOLTs Job Openings,1,
2025-12-09T15:00:00.000Z,USD,JOLTs Job Openings,1,
2025-12-10T01:30:00.000Z,CNY,Inflation Rate YoY,1,
2025-12-10T14:45:00.000Z,CAD,BoC Interest Rate Decision,1,
2025-12-10T19:00:00.000Z,USD,Fed Interest Rate Decision,1,
2025-12-10T19:00:00.000Z,USD,FOMC Economic Projections,1,
2025-12-10T19:30:00.000Z,USD,Fed Press Conference,1,
2025-12-12T07:00:00.000Z,GBP,GDP MoM,1,
2025-12-14T23:50:00.000Z,JPY,Tankan Large Manufacturers Index,1,
2025-12-15T02:00:00.000Z,CNY,Retail Sales YoY,1,
2025-12-15T02:00:00.000Z,CNY,Industrial Production YoY,1,
2025-12-15T13:30:00.000Z,CAD,Inflation Rate YoY,1,
2025-12-15T23:30:00.000Z,AUD,Westpac Consumer Confidence Change,1,
2025-12-16T07:00:00.000Z,GBP,Unemployment Rate,1,
2025-12-16T08:30:00.000Z,EUR,HCOB Manufacturing PMI Flash,1,
2025-12-16T09:30:00.000Z,GBP,S&P Global Services PMI Flash,1,
2025-12-16T09:30:00.000Z,GBP,S&P Global Manufacturing PMI Flash,1,
2025-12-16T10:00:00.000Z,EUR,ZEW Economic Sentiment Index,1,
2025-12-16T13:30:00.000Z,USD,Non Farm Payrolls,1,
2025-12-16T13:30:00.000Z,USD,Unemployment Rate,1,
2025-12-16T13:30:00.000Z,USD,Non Farm Payrolls,1,
2025-12-16T13:30:00.000Z,USD,Retail Sales MoM,1,
2025-12-16T23:50:00.000Z,JPY,Balance of Trade,1,
2025-12-17T07:00:00.000Z,GBP,Inflation Rate YoY,1,
2025-12-17T09:00:00.000Z,EUR,Ifo Business Climate,1,
2025-12-18T12:00:00.000Z,GBP,BoE Interest Rate Decision,1,
2025-12-18T13:15:00.000Z,EUR,Deposit Facility Rate,1,
2025-12-18T13:15:00.000Z,EUR,ECB Interest Rate Decision,1,
2025-12-18T13:30:00.000Z,USD,Inflation Rate MoM,1,
2025-12-18T13:30:00.000Z,USD,Core Inflation Rate MoM,1,
2025-12-18T13:30:00.000Z,USD,Core Inflation Rate YoY,1,
2025-12-18T13:30:00.000Z,USD,Inflation Rate YoY,1,
2025-12-18T13:45:00.000Z,EUR,ECB Press Conference,1,
2025-12-18T23:30:00.000Z,JPY,Inflation Rate YoY,1,
2025-12-19T03:30:00.000Z,JPY,BoJ Interest Rate Decision,1,
2025-12-19T07:00:00.000Z,EUR,GfK Consumer Confidence,1,
2025-12-19T07:00:00.000Z,GBP,Retail Sales MoM,1,
2025-12-19T15:00:00.000Z,USD,Existing Home Sales,1,
2025-12-20T02:00:00.000Z,USD,US President Trump Speech,1,
2025-12-23T00:30:00.000Z,AUD,RBA Meeting Minutes,1,
2025-12-23T13:30:00.000Z,USD,GDP Growth Rate QoQ,1,
2025-12-23T13:30:00.000Z,USD,Durable Goods Orders MoM,1,
2025-12-30T19:00:00.000Z,USD,FOMC Minutes,1,
2025-12-31T01:30:00.000Z,CNY,NBS Manufacturing PMI,1,
2025-12-31T01:45:00.000Z,CNY,RatingDog Manufacturing PMI,1,
2026-01-05T15:00:00.000Z,USD,ISM Manufacturing PMI,1,
2026-01-06T07:45:00.000Z,EUR,Inflation Rate YoY Prel,1,
2026-01-06T13:00:00.000Z,EUR,Inflation Rate YoY Prel,1,
2026-01-07T10:00:00.000Z,EUR,Inflation Rate YoY Flash,1,
2026-01-07T10:00:00.000Z,EUR,Inflation Rate YoY Prel,1,
2026-01-07T15:00:00.000Z,USD,ISM Services PMI,1,
2026-01-07T15:00:00.000Z,USD,JOLTs Job Openings,1,
2026-01-07T15:00:00.000Z,CAD,Ivey PMI s.a,1,
2026-01-08T00:30:00.000Z,AUD,Balance of Trade,1,
2026-01-08T05:00:00.000Z,JPY,Consumer Confidence,1,
2026-01-09T01:30:00.000Z,CNY,Inflation Rate YoY,1,
2026-01-09T07:00:00.000Z,EUR,Balance of Trade,1,
2026-01-09T13:30:00.000Z,USD,Building Permits Prel,1,
2026-01-09T13:30:00.000Z,USD,Housing Starts,1,
2026-01-09T13:30:00.000Z,USD,Building Permits Prel,1,
2026-01-09T13:30:00.000Z,USD,Housing Starts,1,
2026-01-09T13:30:00.000Z,USD,Non Farm Payrolls,1,
2026-01-09T13:30:00.000Z,USD,Unemployment Rate,1,
2026-01-09T13:30:00.000Z,CAD,Unemployment Rate,1,
2026-01-09T15:00:00.000Z,USD,Michigan Consumer Sentiment Prel,1,
2026-01-12T23:30:00.000Z,AUD,Westpac Consumer Confidence Change,1,
2026-01-13T13:30:00.000Z,USD,Inflation Rate YoY,1,
2026-01-13T13:30:00.000Z,USD,Core Inflation Rate YoY,1,
2026-01-13T13:30:00.000Z,USD,Core Inflation Rate MoM,1,
2026-01-13T13:30:00.000Z,USD,Inflation Rate MoM,1,
2026-01-14T03:00:00.000Z,CNY,Exports YoY,1,
2026-01-14T03:00:00.000Z,CNY,Balance of Trade,1,
2026-01-14T03:00:00.000Z,CNY,Imports YoY,1,
2026-01-14T13:30:00.000Z,USD,PPI MoM,1,
2026-01-14T13:30:00.000Z,USD,PPI MoM,1,
2026-01-14T13:30:00.000Z,USD,Retail Sales MoM,1,
2026-01-14T15:00:00.000Z,USD,Existing Home Sales,1,
2026-01-15T07:00:00.000Z,GBP,GDP MoM,1,
2026-01-15T09:00:00.000Z,EUR,Full Year GDP Growth,1,
2026-01-19T02:00:00.000Z,CNY,GDP Growth Rate YoY,1,
2026-01-19T02:00:00.000Z,CNY,Industrial Production YoY,1,
2026-01-19T02:00:00.000Z,CNY,Retail Sales YoY,1,
2026-01-19T13:30:00.000Z,CAD,Inflation Rate YoY,1,
2026-01-20T07:00:00.000Z,GBP,Unemployment Rate,1,
2026-01-20T10:00:00.000Z,EUR,ZEW Economic Sentiment Index,1,
2026-01-21T07:00:00.000Z,GBP,Inflation Rate YoY,1,
2026-01-21T23:50:00.000Z,JPY,Balance of Trade,1,
2026-01-22T13:30:00.000Z,USD,GDP Growth Rate QoQ Final,1,
2026-01-22T15:00:00.000Z,USD,Core PCE Price Index MoM,1,
2026-01-22T15:00:00.000Z,USD,Personal Spending MoM,1,
2026-01-22T15:00:00.000Z,USD,Personal Income MoM,1,
2026-01-22T15:00:00.000Z,USD,Core PCE Price Index MoM,1,
2026-01-22T15:00:00.000Z,USD,Personal Income MoM,1,
2026-01-22T15:00:00.000Z,USD,Personal Spending MoM,1,
2026-01-22T23:30:00.000Z,JPY,Inflation Rate YoY,1,
2026-01-23T03:00:00.000Z,JPY,BoJ Interest Rate Decision,1,
2026-01-23T07:00:00.000Z,GBP,Retail Sales MoM,1,
2026-01-23T08:30:00.000Z,EUR,HCOB Manufacturing PMI Flash,1,
2026-01-23T09:30:00.000Z,GBP,S&P Global Services PMI Flash,1,
2026-01-23T09:30:00.000Z,GBP,S&P Global Manufacturing PMI Flash,1,
2026-01-26T09:00:00.000Z,EUR,Ifo Business Climate,1,
2026-01-26T13:30:00.000Z,USD,Durable Goods Orders MoM,1,
2026-01-27T00:30:00.000Z,AUD,NAB Business Confidence,1,
2026-01-28T07:00:00.000Z,EUR,GfK Consumer Confidence,1,
2026-01-28T14:45:00.000Z,CAD,BoC Interest Rate Decision,1,
2026-01-28T14:45:00.000Z,CAD,BoC Monetary Policy Report,1,
2026-01-28T19:00:00.000Z,USD,Fed Interest Rate Decision,1,
2026-01-28T19:30:00.000Z,USD,Fed Press Conference,1,
2026-01-29T05:00:00.000Z,JPY,Consumer Confidence,1,
2026-01-30T06:30:00.000Z,EUR,GDP Growth Rate QoQ Prel,1,
2026-01-30T06:30:00.000Z,EUR,GDP Growth Rate YoY Prel,1,
2026-01-30T08:00:00.000Z,EUR,GDP Growth Rate QoQ Flash,1,
2026-01-30T08:00:00.000Z,EUR,GDP Growth Rate YoY Flash,1,
2026-01-30T09:00:00.000Z,EUR,GDP Growth Rate YoY Flash,1,
2026-01-30T09:00:00.000Z,EUR,GDP Growth Rate QoQ Flash,1,
2026-01-30T09:00:00.000Z,EUR,GDP Growth Rate QoQ Adv,1,
2026-01-30T09:00:00.000Z,EUR,GDP Growth Rate YoY Adv,1,
2026-01-30T10:00:00.000Z,EUR,GDP Growth Rate YoY Flash,1,
2026-01-30T10:00:00.000Z,EUR,GDP Growth Rate QoQ Flash,1,
2026-01-30T13:00:00.000Z,EUR,Inflation Rate YoY Prel,1,
2026-01-30T13:30:00.000Z,USD,PPI MoM,1,
2026-01-31T01:30:00.000Z,CNY,NBS Manufacturing PMI,1,
2026-02-01T05:30:00.000Z,INR,India Union Budget 2026,1,
2026-02-02T01:45:00.000Z,CNY,RatingDog Manufacturing PMI,1,
2026-02-02T15:00:00.000Z,USD,ISM Manufacturing PMI,1,
2026-02-03T03:30:00.000Z,AUD,RBA Interest Rate Decision,1,
2026-02-03T07:45:00.000Z,EUR,Inflation Rate YoY Prel,1,
2026-02-04T10:00:00.000Z,EUR,Inflation Rate YoY Flash,1,
2026-02-04T10:00:00.000Z,EUR,Inflation Rate YoY Prel,1,
2026-02-04T15:00:00.000Z,USD,ISM Services PMI,1,
2026-02-05T00:30:00.000Z,AUD,Balance of Trade,1,
2026-02-05T12:00:00.000Z,GBP,BoE Interest Rate Decision,1,
2026-02-05T13:15:00.000Z,EUR,ECB Interest Rate Decision,1,
2026-02-05T13:15:00.000Z,EUR,Deposit Facility Rate,1,
2026-02-05T13:45:00.000Z,EUR,ECB Press Conference,1,
2026-02-05T15:00:00.000Z,USD,JOLTs Job Openings,1,
2026-02-06T07:00:00.000Z,EUR,Balance of Trade,1,
2026-02-06T13:30:00.000Z,CAD,Unemployment Rate,1,
2026-02-06T15:00:00.000Z,USD,Michigan Consumer Sentiment Prel,1,
2026-02-06T15:00:00.000Z,CAD,Ivey PMI s.a,1,
2026-02-09T23:30:00.000Z,AUD,Westpac Consumer Confidence Change,1,
2026-02-10T00:30:00.000Z,AUD,NAB Business Confidence,1,
2026-02-10T13:30:00.000Z,USD,Retail Sales MoM,1,
2026-02-11T01:30:00.000Z,CNY,Inflation Rate YoY,1,
2026-02-11T13:30:00.000Z,USD,Unemployment Rate,1,
2026-02-11T13:30:00.000Z,USD,Non Farm Payrolls,1,
2026-02-12T07:00:00.000Z,GBP,GDP MoM,1,
2026-02-12T07:00:00.000Z,GBP,GDP Growth Rate QoQ Prel,1,
2026-02-12T07:00:00.000Z,GBP,GDP Growth Rate YoY Prel,1,
2026-02-12T15:00:00.000Z,USD,Existing Home Sales,1,
2026-02-13T13:30:00.000Z,USD,Core Inflation Rate MoM,1,
2026-02-13T13:30:00.000Z,USD,Inflation Rate YoY,1,
2026-02-13T13:30:00.000Z,USD,Inflation Rate MoM,1,
2026-02-13T13:30:00.000Z,USD,Core Inflation Rate YoY,1,
2026-02-15T23:50:00.000Z,JPY,GDP Growth Rate QoQ Prel,1,
2026-02-17T00:30:00.000Z,AUD,RBA Meeting Minutes,1,
2026-02-17T07:00:00.000Z,GBP,Unemployment Rate,1,
2026-02-17T10:00:00.000Z,EUR,ZEW Economic Sentiment Index,1,
2026-02-17T13:30:00.000Z,CAD,Inflation Rate YoY,1,
2026-02-17T23:50:00.000Z,JPY,Balance of Trade,1,
2026-02-18T07:00:00.000Z,GBP,Inflation Rate YoY,1,
2026-02-18T13:30:00.000Z,USD,Building Permits Prel,1,
2026-02-18T13:30:00.000Z,USD,Housing Starts,1,
2026-02-18T13:30:00.000Z,USD,Housing Starts,1,
2026-02-18T13:30:00.000Z,USD,Building Permits Prel,1,
2026-02-18T13:30:00.000Z,USD,Durable Goods Orders MoM,1,
2026-02-18T19:00:00.000Z,USD,FOMC Minutes,1,
2026-02-19T23:30:00.000Z,JPY,Inflation Rate YoY,1,
2026-02-20T07:00:00.000Z,GBP,Retail Sales MoM,1,
2026-02-20T08:30:00.000Z,EUR,HCOB Manufacturing PMI Flash,1,
2026-02-20T09:30:00.000Z,GBP,S&P Global Manufacturing PMI Flash,1,
2026-02-20T09:30:00.000Z,GBP,S&P Global Services PMI Flash,1,
2026-02-20T13:30:00.000Z,USD,GDP Growth Rate QoQ Adv,1,
2026-02-20T13:30:00.000Z,USD,Personal Income MoM,1,
2026-02-20T13:30:00.000Z,USD,Personal Spending MoM,1,
2026-02-20T13:30:00.000Z,USD,Core PCE Price Index MoM,1,
2026-02-23T09:00:00.000Z,EUR,Ifo Business Climate,1,
2026-02-25T02:00:00.000Z,USD,President Trump State of the Union Speech,1,
2026-02-25T07:00:00.000Z,EUR,GfK Consumer Confidence,1,
2026-02-27T07:45:00.000Z,EUR,Inflation Rate YoY Prel,1,
2026-02-27T10:30:00.000Z,INR,GDP Growth Rate YoY,1,
2026-02-27T13:00:00.000Z,EUR,Inflation Rate YoY Prel,1,
2026-02-27T13:30:00.000Z,USD,PPI MoM,1,
2026-02-27T13:30:00.000Z,CAD,GDP Growth Rate Annualized,1,
2026-02-27T13:30:00.000Z,CAD,GDP Growth Rate QoQ,1,
2026-03-02T09:00:00.000Z,EUR,Full Year GDP Growth,1,
2026-03-02T09:00:00.000Z,EUR,Government Budget,1,
2026-03-02T15:00:00.000Z,USD,ISM Manufacturing PMI,1,
2026-03-03T10:00:00.000Z,EUR,Inflation Rate YoY Flash,1,
2026-03-03T10:00:00.000Z,EUR,Inflation Rate YoY Prel,1,
2026-03-04T00:30:00.000Z,AUD,GDP Growth Rate QoQ,1,
2026-03-04T01:30:00.000Z,CNY,NBS Manufacturing PMI,1,
2026-03-04T01:45:00.000Z,CNY,RatingDog Manufacturing PMI,1,
2026-03-04T05:00:00.000Z,JPY,Consumer Confidence,1,
2026-03-04T15:00:00.000Z,USD,ISM Services PMI,1,
2026-03-05T00:30:00.000Z,AUD,Balance of Trade,1,
2026-03-06T13:30:00.000Z,USD,Non Farm Payrolls,1,
2026-03-06T13:30:00.000Z,USD,Unemployment Rate,1,
2026-03-06T13:30:00.000Z,USD,Retail Sales MoM,1,
2026-03-06T15:00:00.000Z,CAD,Ivey PMI s.a,1,
2026-03-09T01:30:00.000Z,CNY,Inflation Rate YoY,1,
2026-03-09T23:30:00.000Z,AUD,Westpac Consumer Confidence Change,1,
2026-03-10T00:30:00.000Z,AUD,NAB Business Confidence,1,
2026-03-10T03:00:00.000Z,CNY,Balance of Trade,1,
2026-03-10T03:00:00.000Z,CNY,Imports YoY,1,
2026-03-10T03:00:00.000Z,CNY,Exports YoY,1,
2026-03-10T07:00:00.000Z,EUR,Balance of Trade,1,
2026-03-10T14:00:00.000Z,USD,Existing Home Sales,1,
2026-03-11T12:30:00.000Z,USD,Inflation Rate MoM,1,
2026-03-11T12:30:00.000Z,USD,Core Inflation Rate YoY,1,
2026-03-11T12:30:00.000Z,USD,Inflation Rate YoY,1,
2026-03-11T12:30:00.000Z,USD,Core Inflation Rate MoM,1,
2026-03-12T12:30:00.000Z,USD,Housing Starts,1,
2026-03-12T12:30:00.000Z,USD,Building Permits Prel,1,
2026-03-13T07:00:00.000Z,GBP,GDP MoM,1,
2026-03-13T12:30:00.000Z,USD,Durable Goods Orders MoM,1,
2026-03-13T12:30:00.000Z,USD,Core PCE Price Index MoM,1,
2026-03-13T12:30:00.000Z,USD,Personal Income MoM,1,
2026-03-13T12:30:00.000Z,USD,Personal Spending MoM,1,
2026-03-13T12:30:00.000Z,USD,GDP Growth Rate QoQ 2nd Est,1,
2026-03-13T12:30:00.000Z,CAD,Unemployment Rate,1,
2026-03-13T14:00:00.000Z,USD,Michigan Consumer Sentiment Prel,1,
2026-03-13T14:00:00.000Z,USD,JOLTs Job Openings,1,
2026-03-16T02:00:00.000Z,CNY,Retail Sales YoY,1,
2026-03-16T02:00:00.000Z,CNY,Industrial Production YoY,1,
2026-03-16T12:30:00.000Z,CAD,Inflation Rate YoY,1,
2026-03-17T03:30:00.000Z,AUD,RBA Interest Rate Decision,1,
2026-03-17T10:00:00.000Z,EUR,ZEW Economic Sentiment Index,1,
2026-03-17T23:50:00.000Z,JPY,Balance of Trade,1,
2026-03-18T12:30:00.000Z,USD,PPI MoM,1,
2026-03-18T13:45:00.000Z,CAD,BoC Interest Rate Decision,1,
2026-03-18T18:00:00.000Z,USD,Fed Interest Rate Decision,1,
2026-03-18T18:00:00.000Z,USD,FOMC Economic Projections,1,
2026-03-18T18:30:00.000Z,USD,Fed Press Conference,1,
2026-03-19T03:00:00.000Z,JPY,BoJ Interest Rate Decision,1,
2026-03-19T07:00:00.000Z,GBP,Unemployment Rate,1,
2026-03-19T12:00:00.000Z,GBP,BoE Interest Rate Decision,1,
2026-03-19T13:15:00.000Z,EUR,ECB Interest Rate Decision,1,
2026-03-19T13:15:00.000Z,EUR,Deposit Facility Rate,1,
2026-03-19T13:45:00.000Z,EUR,ECB Press Conference,1,
2026-03-23T23:30:00.000Z,JPY,Inflation Rate YoY,1,
2026-03-24T08:30:00.000Z,EUR,S&P Global Manufacturing PMI Flash,1,
2026-03-24T09:30:00.000Z,GBP,S&P Global Manufacturing PMI Flash,1,
2026-03-24T09:30:00.000Z,GBP,S&P Global Services PMI Flash,1,
2026-03-25T07:00:00.000Z,GBP,Inflation Rate YoY,1,
2026-03-25T09:00:00.000Z,EUR,Ifo Business Climate,1,
2026-03-26T07:00:00.000Z,EUR,GfK Consumer Confidence,1,
2026-03-27T07:00:00.000Z,GBP,Retail Sales MoM,1,
2026-03-30T12:00:00.000Z,EUR,Inflation Rate YoY Prel,1,
2026-03-31T00:30:00.000Z,AUD,RBA Meeting Minutes,1,
2026-03-31T01:30:00.000Z,CNY,NBS Manufacturing PMI,1,
2026-03-31T06:45:00.000Z,EUR,Inflation Rate YoY Prel,1,
2026-03-31T09:00:00.000Z,EUR,Inflation Rate YoY Flash,1,
2026-03-31T09:00:00.000Z,EUR,Inflation Rate YoY Prel,1,
2026-03-31T14:00:00.000Z,USD,JOLTs Job Openings,1,
2026-03-31T23:50:00.000Z,JPY,Tankan Large Manufacturers Index,1,
2026-04-01T01:45:00.000Z,CNY,RatingDog Manufacturing PMI,1,
2026-04-01T12:30:00.000Z,USD,Retail Sales MoM,1,
2026-04-01T14:00:00.000Z,USD,ISM Manufacturing PMI,1,
2026-04-02T00:30:00.000Z,AUD,Balance of Trade,1,
2026-04-02T01:00:00.000Z,USD,US President Trump Speech,1,
2026-04-03T12:30:00.000Z,USD,Unemployment Rate,1,
2026-04-03T12:30:00.000Z,USD,Non Farm Payrolls,1,
2026-04-06T14:00:00.000Z,USD,ISM Services PMI,1,
2026-04-07T12:30:00.000Z,USD,Durable Goods Orders MoM,1,
2026-04-07T14:00:00.000Z,CAD,Ivey PMI s.a,1,
2026-04-08T18:00:00.000Z,USD,FOMC Minutes,1,
2026-04-09T05:00:00.000Z,JPY,Consumer Confidence,1,
2026-04-09T06:00:00.000Z,EUR,Balance of Trade,1,
2026-04-09T12:30:00.000Z,USD,Personal Income MoM,1,
2026-04-09T12:30:00.000Z,USD,Core PCE Price Index MoM,1,
2026-04-09T12:30:00.000Z,USD,Personal Spending MoM,1,
2026-04-09T12:30:00.000Z,USD,GDP Growth Rate QoQ Final,1,
2026-04-10T01:30:00.000Z,CNY,Inflation Rate YoY,1,
2026-04-10T12:30:00.000Z,USD,Core Inflation Rate MoM,1,
2026-04-10T12:30:00.000Z,USD,Inflation Rate MoM,1,
2026-04-10T12:30:00.000Z,USD,Core Inflation Rate YoY,1,
2026-04-10T12:30:00.000Z,USD,Inflation Rate YoY,1,
2026-04-10T12:30:00.000Z,CAD,Unemployment Rate,1,
2026-04-10T14:00:00.000Z,USD,Michigan Consumer Sentiment Prel,1,
2026-04-13T14:00:00.000Z,USD,Existing Home Sales,1,
2026-04-14T00:30:00.000Z,AUD,Westpac Consumer Confidence Change,1,
2026-04-14T01:30:00.000Z,AUD,NAB Business Confidence,1,
2026-04-14T03:00:00.000Z,CNY,Balance of Trade,1,
2026-04-14T03:00:00.000Z,CNY,Imports YoY,1,
2026-04-14T03:00:00.000Z,CNY,Exports YoY,1,
2026-04-14T12:30:00.000Z,USD,PPI MoM,1,
2026-04-16T02:00:00.000Z,CNY,Retail Sales YoY,1,
2026-04-16T02:00:00.000Z,CNY,Industrial Production YoY,1,
2026-04-16T02:00:00.000Z,CNY,GDP Growth Rate YoY,1,
2026-04-16T06:00:00.000Z,GBP,GDP MoM,1,
2026-04-20T12:30:00.000Z,CAD,Inflation Rate YoY,1,
2026-04-21T06:00:00.000Z,GBP,Unemployment Rate,1,
2026-04-21T09:00:00.000Z,EUR,ZEW Economic Sentiment Index,1,
2026-04-21T12:30:00.000Z,USD,Retail Sales MoM,1,
2026-04-21T23:50:00.000Z,JPY,Balance of Trade,1,
2026-04-22T06:00:00.000Z,GBP,Inflation Rate YoY,1,
2026-04-23T07:30:00.000Z,EUR,S&P Global Manufacturing PMI Flash,1,
2026-04-23T08:30:00.000Z,GBP,S&P Global Manufacturing PMI Flash,1,
2026-04-23T08:30:00.000Z,GBP,S&P Global Services PMI Flash,1,
2026-04-23T23:30:00.000Z,JPY,Inflation Rate YoY,1,
2026-04-24T06:00:00.000Z,GBP,Retail Sales MoM,1,
2026-04-24T08:00:00.000Z,EUR,Ifo Business Climate,1,
2026-04-27T06:00:00.000Z,EUR,GfK Consumer Confidence,1,
2026-04-28T03:00:00.000Z,JPY,BoJ Interest Rate Decision,1,
2026-04-29T12:00:00.000Z,EUR,Inflation Rate YoY Prel,1,
2026-04-29T12:30:00.000Z,USD,Building Permits Prel,1,
2026-04-29T12:30:00.000Z,USD,Housing Starts,1,
2026-04-29T12:30:00.000Z,USD,Durable Goods Orders MoM,1,
2026-04-29T12:30:00.000Z,USD,Building Permits Prel,1,
2026-04-29T12:30:00.000Z,USD,Housing Starts,1,
2026-04-29T13:45:00.000Z,CAD,BoC Interest Rate Decision,1,
2026-04-29T13:45:00.000Z,CAD,BoC Monetary Policy Report,1,
2026-04-29T18:00:00.000Z,USD,Fed Interest Rate Decision,1,
2026-04-29T18:30:00.000Z,USD,Fed Press Conference,1,
2026-04-30T01:30:00.000Z,CNY,NBS Manufacturing PMI,1,
2026-04-30T01:45:00.000Z,CNY,RatingDog Manufacturing PMI,1,
2026-04-30T05:00:00.000Z,JPY,Consumer Confidence,1,
2026-04-30T05:30:00.000Z,EUR,GDP Growth Rate YoY Prel,1,
2026-04-30T05:30:00.000Z,EUR,GDP Growth Rate QoQ Prel,1,
2026-04-30T06:45:00.000Z,EUR,Inflation Rate YoY Prel,1,
2026-04-30T07:00:00.000Z,EUR,GDP Growth Rate QoQ Flash,1,
2026-04-30T07:00:00.000Z,EUR,GDP Growth Rate YoY Flash,1,
2026-04-30T08:00:00.000Z,EUR,GDP Growth Rate YoY Flash,1,
2026-04-30T08:00:00.000Z,EUR,GDP Growth Rate QoQ Flash,1,
2026-04-30T08:00:00.000Z,EUR,GDP Growth Rate YoY Adv,1,
2026-04-30T08:00:00.000Z,EUR,GDP Growth Rate QoQ Adv,1,
2026-04-30T09:00:00.000Z,EUR,Inflation Rate YoY Flash,1,
2026-04-30T09:00:00.000Z,EUR,GDP Growth Rate YoY Flash,1,
2026-04-30T09:00:00.000Z,EUR,GDP Growth Rate QoQ Flash,1,
2026-04-30T09:00:00.000Z,EUR,Inflation Rate YoY Prel,1,
2026-04-30T11:00:00.000Z,GBP,BoE Interest Rate Decision,1,
2026-04-30T12:15:00.000Z,EUR,ECB Interest Rate Decision,1,
2026-04-30T12:15:00.000Z,EUR,Deposit Facility Rate,1,
2026-04-30T12:30:00.000Z,USD,Core PCE Price Index MoM,1,
2026-04-30T12:30:00.000Z,USD,Personal Spending MoM,1,
2026-04-30T12:30:00.000Z,USD,Personal Income MoM,1,
2026-04-30T12:30:00.000Z,USD,GDP Growth Rate QoQ Adv,1,
2026-04-30T12:45:00.000Z,EUR,ECB Press Conference,1,
2026-05-01T14:00:00.000Z,USD,ISM Manufacturing PMI,1,
2026-05-05T04:30:00.000Z,AUD,RBA Interest Rate Decision,1,
2026-05-05T14:00:00.000Z,USD,ISM Services PMI,1,
2026-05-05T14:00:00.000Z,USD,JOLTs Job Openings,1,
2026-05-06T14:00:00.000Z,CAD,Ivey PMI s.a,1,
2026-05-07T00:00:00.000Z,GBP,Local Elections,1,
2026-05-07T01:30:00.000Z,AUD,Balance of Trade,1,
2026-05-08T06:00:00.000Z,EUR,Balance of Trade,1,
2026-05-08T12:30:00.000Z,USD,Non Farm Payrolls,1,
2026-05-08T12:30:00.000Z,USD,Unemployment Rate,1,
2026-05-08T12:30:00.000Z,CAD,Unemployment Rate,1,
2026-05-08T14:00:00.000Z,USD,Michigan Consumer Sentiment Prel,1,
2026-05-09T03:00:00.000Z,CNY,Exports YoY,1,
2026-05-09T03:00:00.000Z,CNY,Balance of Trade,1,
2026-05-09T03:00:00.000Z,CNY,Imports YoY,1,
2026-05-11T01:30:00.000Z,CNY,Inflation Rate YoY,1,
2026-05-11T14:00:00.000Z,USD,Existing Home Sales,1,
2026-05-12T01:30:00.000Z,AUD,NAB Business Confidence,1,
2026-05-12T09:00:00.000Z,EUR,ZEW Economic Sentiment Index,1,
2026-05-12T12:30:00.000Z,USD,Core Inflation Rate MoM,1,
2026-05-12T12:30:00.000Z,USD,Inflation Rate MoM,1,
2026-05-12T12:30:00.000Z,USD,Core Inflation Rate YoY,1,
2026-05-12T12:30:00.000Z,USD,Inflation Rate YoY,1,
2026-05-13T12:30:00.000Z,USD,PPI MoM,1,
2026-05-14T00:00:00.000Z,CNY,President Trump and President Xi Summit,1,
2026-05-14T06:00:00.000Z,GBP,GDP Growth Rate YoY Prel,1,
2026-05-14T06:00:00.000Z,GBP,GDP MoM,1,
2026-05-14T06:00:00.000Z,GBP,GDP Growth Rate QoQ Prel,1,
2026-05-14T12:30:00.000Z,USD,Retail Sales MoM,1,
2026-05-15T00:00:00.000Z,CNY,President Trump and President Xi Summit,1,
2026-05-18T02:00:00.000Z,CNY,Industrial Production YoY,1,
2026-05-18T02:00:00.000Z,CNY,Retail Sales YoY,1,
2026-05-18T23:50:00.000Z,JPY,GDP Growth Rate QoQ Prel,1,
2026-05-19T00:30:00.000Z,AUD,Westpac Consumer Confidence Change,1,
2026-05-19T01:30:00.000Z,AUD,RBA Meeting Minutes,1,
2026-05-19T06:00:00.000Z,GBP,Unemployment Rate,1,
2026-05-19T12:30:00.000Z,CAD,Inflation Rate YoY,1,
2026-05-20T06:00:00.000Z,GBP,Inflation Rate YoY,1,
2026-05-20T18:00:00.000Z,USD,FOMC Minutes,1,
2026-05-20T23:50:00.000Z,JPY,Balance of Trade,1,
2026-05-21T07:30:00.000Z,EUR,S&P Global Manufacturing PMI Flash,1,
2026-05-21T08:30:00.000Z,GBP,S&P Global Services PMI Flash,1,
2026-05-21T08:30:00.000Z,GBP,S&P Global Manufacturing PMI Flash,1,
2026-05-21T12:30:00.000Z,USD,Building Permits Prel,1,
2026-05-21T12:30:00.000Z,USD,Housing Starts,1,
2026-05-21T23:30:00.000Z,JPY,Inflation Rate YoY,1,
2026-05-22T06:00:00.000Z,GBP,Retail Sales MoM,1,
2026-05-22T06:00:00.000Z,EUR,GfK Consumer Confidence,1,
2026-05-22T08:00:00.000Z,EUR,Ifo Business Climate,1,
2026-05-28T12:30:00.000Z,USD,GDP Growth Rate QoQ 2nd Est,1,
2026-05-28T12:30:00.000Z,USD,Core PCE Price Index MoM,1,
2026-05-28T12:30:00.000Z,USD,Durable Goods Orders MoM,1,
2026-05-28T12:30:00.000Z,USD,Personal Income MoM,1,
2026-05-28T12:30:00.000Z,USD,Personal Spending MoM,1,
2026-05-29T05:00:00.000Z,JPY,Consumer Confidence,1,
2026-05-29T06:45:00.000Z,EUR,Inflation Rate YoY Prel,1,
2026-05-29T09:00:00.000Z,EUR,Inflation Rate YoY Prel,1,
2026-05-29T12:00:00.000Z,EUR,Inflation Rate YoY Prel,1,
2026-05-29T12:30:00.000Z,CAD,GDP Growth Rate Annualized,1,
2026-05-29T12:30:00.000Z,CAD,GDP Growth Rate QoQ,1,
2026-05-31T01:30:00.000Z,CNY,NBS Manufacturing PMI,1,
2026-06-01T01:45:00.000Z,CNY,RatingDog Manufacturing PMI,1,
2026-06-01T14:00:00.000Z,USD,ISM Manufacturing PMI,1,
2026-06-02T09:00:00.000Z,EUR,Inflation Rate YoY Flash,1,
2026-06-02T14:00:00.000Z,USD,JOLTs Job Openings,1,
2026-06-03T01:30:00.000Z,AUD,GDP Growth Rate QoQ,1,
2026-06-03T14:00:00.000Z,USD,ISM Services PMI,1,
2026-06-04T01:30:00.000Z,AUD,Balance of Trade,1,
2026-06-05T10:30:00.000Z,INR,GDP Growth Rate YoY,1,
2026-06-05T12:30:00.000Z,USD,Unemployment Rate,1,
2026-06-05T12:30:00.000Z,USD,Non Farm Payrolls,1,
2026-06-05T12:30:00.000Z,CAD,Unemployment Rate,1,
2026-06-05T14:00:00.000Z,CAD,Ivey PMI s.a,1,
2026-06-09T00:30:00.000Z,AUD,Westpac Consumer Confidence Change,1,
2026-06-09T01:30:00.000Z,AUD,NAB Business Confidence,1,
2026-06-09T03:00:00.000Z,CNY,Exports YoY,1,
2026-06-09T03:00:00.000Z,CNY,Balance of Trade,1,
2026-06-09T03:00:00.000Z,CNY,Imports YoY,1,
2026-06-09T06:00:00.000Z,EUR,Balance of Trade,1,
2026-06-09T14:00:00.000Z,USD,Existing Home Sales,1,
2026-06-10T01:30:00.000Z,CNY,Inflation Rate YoY,1,
2026-06-10T12:30:00.000Z,USD,Core Inflation Rate MoM,1,
2026-06-10T12:30:00.000Z,USD,Inflation Rate MoM,1,
2026-06-10T12:30:00.000Z,USD,Core Inflation Rate YoY,1,
2026-06-10T12:30:00.000Z,USD,Inflation Rate YoY,1,
2026-06-10T13:45:00.000Z,CAD,BoC Interest Rate Decision,1,
2026-06-11T12:15:00.000Z,EUR,ECB Interest Rate Decision,1,
2026-06-11T12:15:00.000Z,EUR,Deposit Facility Rate,1,
2026-06-11T12:30:00.000Z,USD,PPI MoM,1,
2026-06-11T12:45:00.000Z,EUR,ECB Press Conference,1,
2026-06-12T06:00:00.000Z,GBP,GDP MoM,1,
2026-06-12T14:00:00.000Z,USD,Michigan Consumer Sentiment Prel,1,
2026-06-16T02:00:00.000Z,CNY,Retail Sales YoY,1,
2026-06-16T02:00:00.000Z,CNY,Industrial Production YoY,1,
2026-06-16T03:00:00.000Z,JPY,BoJ Interest Rate Decision,1,
2026-06-16T04:30:00.000Z,AUD,RBA Interest Rate Decision,1,
2026-06-16T09:00:00.000Z,EUR,ZEW Economic Sentiment Index,1,
2026-06-16T12:30:00.000Z,USD,Building Permits Prel,1,
2026-06-16T12:30:00.000Z,USD,Housing Starts,1,
2026-06-16T23:50:00.000Z,JPY,Balance of Trade,1,
2026-06-17T06:00:00.000Z,GBP,Inflation Rate YoY,1,
2026-06-17T12:30:00.000Z,USD,Retail Sales MoM,1,
2026-06-17T18:00:00.000Z,USD,Fed Interest Rate Decision,1,
2026-06-17T18:00:00.000Z,USD,FOMC Economic Projections,1,
2026-06-17T18:30:00.000Z,USD,Fed Press Conference,1,
2026-06-18T06:00:00.000Z,GBP,Unemployment Rate,1,
2026-06-18T11:00:00.000Z,GBP,BoE Interest Rate Decision,1,
2026-06-18T23:30:00.000Z,JPY,Inflation Rate YoY,1,
2026-06-19T06:00:00.000Z,GBP,Retail Sales MoM,1,
2026-06-22T12:30:00.000Z,CAD,Inflation Rate YoY,1,
2026-06-23T07:30:00.000Z,EUR,S&P Global Manufacturing PMI Flash,1,
2026-06-23T08:30:00.000Z,GBP,S&P Global Services PMI Flash,1,
2026-06-23T08:30:00.000Z,GBP,S&P Global Manufacturing PMI Flash,1,
2026-06-24T08:00:00.000Z,EUR,Ifo Business Climate,1,
2026-06-25T06:00:00.000Z,EUR,GfK Consumer Confidence,1,
2026-06-25T12:30:00.000Z,USD,GDP Growth Rate QoQ Final,1,
2026-06-25T12:30:00.000Z,USD,Durable Goods Orders MoM,1,
2026-06-25T12:30:00.000Z,USD,Personal Spending MoM,1,
2026-06-25T12:30:00.000Z,USD,Core PCE Price Index MoM,1,
2026-06-25T12:30:00.000Z,USD,Personal Income MoM,1,
2026-06-30T01:30:00.000Z,AUD,RBA Meeting Minutes,1,
2026-06-30T01:30:00.000Z,CNY,NBS Manufacturing PMI,1,
2026-06-30T06:45:00.000Z,EUR,Inflation Rate YoY Prel,1,
2026-06-30T09:00:00.000Z,EUR,Inflation Rate YoY Prel,1,
2026-06-30T12:00:00.000Z,EUR,Inflation Rate YoY Prel,1,
2026-06-30T14:00:00.000Z,USD,JOLTs Job Openings,1,
2026-06-30T23:50:00.000Z,JPY,Tankan Large Manufacturers Index,1,
2026-07-01T01:45:00.000Z,CNY,RatingDog Manufacturing PMI,1,
2026-07-01T05:00:00.000Z,JPY,Consumer Confidence,1,
2026-07-01T09:00:00.000Z,EUR,Inflation Rate YoY Flash,1,
2026-07-01T13:00:00.000Z,USD,Fed Chair Warsh Speech,1,
2026-07-01T14:00:00.000Z,USD,ISM Manufacturing PMI,1,
2026-07-02T01:30:00.000Z,AUD,Balance of Trade,1,
2026-07-02T12:30:00.000Z,USD,Non Farm Payrolls,1,
2026-07-02T12:30:00.000Z,USD,Unemployment Rate,1,
2026-07-06T14:00:00.000Z,USD,ISM Services PMI,1,
2026-07-07T14:00:00.000Z,CAD,Ivey PMI s.a,1,
2026-07-08T18:00:00.000Z,USD,FOMC Minutes,1,
2026-07-09T01:30:00.000Z,CNY,Inflation Rate YoY,1,
2026-07-09T06:00:00.000Z,EUR,Balance of Trade,1,
2026-07-09T14:00:00.000Z,USD,Existing Home Sales,1,
2026-07-10T12:30:00.000Z,CAD,Unemployment Rate,1,
2026-07-14T00:30:00.000Z,AUD,Westpac Consumer Confidence Change,1,
2026-07-14T01:30:00.000Z,AUD,NAB Business Confidence,1,
2026-07-14T03:00:00.000Z,CNY,Imports YoY,1,
2026-07-14T03:00:00.000Z,CNY,Exports YoY,1,
2026-07-14T03:00:00.000Z,CNY,Balance of Trade,1,
2026-07-14T12:30:00.000Z,USD,Core Inflation Rate YoY,1,
2026-07-14T12:30:00.000Z,USD,Inflation Rate YoY,1,
2026-07-14T12:30:00.000Z,USD,Core Inflation Rate MoM,1,
2026-07-14T12:30:00.000Z,USD,Inflation Rate MoM,1,
2026-07-14T14:00:00.000Z,USD,Fed Chair Warsh Testimony,1,
2026-07-15T02:00:00.000Z,CNY,Industrial Production YoY,1,
2026-07-15T02:00:00.000Z,CNY,Retail Sales YoY,1,
2026-07-15T02:00:00.000Z,CNY,GDP Growth Rate YoY,1,
2026-07-15T12:30:00.000Z,USD,PPI MoM,1,
2026-07-15T13:45:00.000Z,CAD,BoC Interest Rate Decision,1,
2026-07-15T13:45:00.000Z,CAD,BoC Monetary Policy Report,1,
2026-07-15T14:00:00.000Z,USD,Fed Chair Warsh Testimony,1,
2026-07-16T06:00:00.000Z,GBP,GDP MoM,1,
2026-07-16T12:30:00.000Z,USD,Retail Sales MoM,1,
2026-07-17T12:30:00.000Z,USD,Housing Starts,1,
2026-07-17T12:30:00.000Z,USD,Building Permits Prel,1,
2026-07-17T14:00:00.000Z,USD,Michigan Consumer Sentiment Prel,1,
2026-07-20T12:30:00.000Z,CAD,Inflation Rate YoY,1,
2026-07-21T06:00:00.000Z,GBP,Unemployment Rate,1,
2026-07-21T09:00:00.000Z,EUR,ZEW Economic Sentiment Index,1,
2026-07-21T23:50:00.000Z,JPY,Balance of Trade,1,
2026-07-22T06:00:00.000Z,GBP,Inflation Rate YoY,1,
2026-07-23T12:15:00.000Z,EUR,ECB Interest Rate Decision,1,
2026-07-23T12:15:00.000Z,EUR,Deposit Facility Rate,1,
2026-07-23T12:45:00.000Z,EUR,ECB Press Conference,1,
2026-07-23T23:30:00.000Z,JPY,Inflation Rate YoY,1,
2026-07-24T06:00:00.000Z,GBP,Retail Sales MoM,1,
2026-07-24T06:00:00.000Z,EUR,GfK Consumer Confidence,1,
2026-07-24T07:30:00.000Z,EUR,S&P Global Manufacturing PMI Flash,1,
2026-07-24T08:30:00.000Z,GBP,S&P Global Manufacturing PMI Flash,1,
2026-07-24T08:30:00.000Z,GBP,S&P Global Services PMI Flash,1,
2026-07-27T08:00:00.000Z,EUR,Ifo Business Climate,1,
2026-07-27T12:30:00.000Z,USD,Durable Goods Orders MoM,1,
2026-07-29T18:00:00.000Z,USD,Fed Interest Rate Decision,1,
2026-07-29T18:30:00.000Z,USD,Fed Press Conference,1,
2026-07-30T00:00:00.000Z,CNY,Politburo Meeting,1,
2026-07-30T05:00:00.000Z,JPY,Consumer Confidence,1,
2026-07-30T05:30:00.000Z,EUR,GDP Growth Rate YoY Prel,1,
2026-07-30T05:30:00.000Z,EUR,GDP Growth Rate QoQ Prel,1,
2026-07-30T07:00:00.000Z,EUR,GDP Growth Rate QoQ Flash,1,
2026-07-30T07:00:00.000Z,EUR,GDP Growth Rate YoY Flash,1,
2026-07-30T08:00:00.000Z,EUR,GDP Growth Rate QoQ Flash,1,
2026-07-30T08:00:00.000Z,EUR,GDP Growth Rate YoY Flash,1,
2026-07-30T08:00:00.000Z,EUR,GDP Growth Rate YoY Adv,1,
2026-07-30T08:00:00.000Z,EUR,GDP Growth Rate QoQ Adv,1,
2026-07-30T09:00:00.000Z,EUR,GDP Growth Rate YoY Flash,1,
2026-07-30T09:00:00.000Z,EUR,GDP Growth Rate QoQ Flash,1,
2026-07-30T11:00:00.000Z,GBP,BoE Interest Rate Decision,1,
2026-07-30T12:00:00.000Z,EUR,Inflation Rate YoY Prel,1,
2026-07-30T12:30:00.000Z,USD,GDP Growth Rate QoQ Adv,1,
2026-07-30T12:30:00.000Z,USD,Personal Spending MoM,1,
2026-07-30T12:30:00.000Z,USD,Core PCE Price Index MoM,1,
2026-07-30T12:30:00.000Z,USD,Personal Income MoM,1,
2026-07-31T01:30:00.000Z,CNY,NBS Manufacturing PMI,1,
2026-07-31T03:00:00.000Z,JPY,BoJ Interest Rate Decision,1,
2026-07-31T06:45:00.000Z,EUR,Inflation Rate YoY Prel,1,
2026-07-31T09:00:00.000Z,EUR,Inflation Rate YoY Flash,1,
2026-07-31T09:00:00.000Z,EUR,Inflation Rate YoY Prel,1,
